epoch,num_iter_train,error_train_mean,error_train_sd,num_iter_valid_mean,num_iter_valid_sd,runtime_train,runtime_valid,num_subdomains,lr,seed
0,10,0.03738423783286416,0.00930166122944755,34.96,0.6621178142898739,48.45148062705994,74.26734852790833,10,0.0001,42
1,10,0.03385221560182077,0.00861585685676124,34.96,0.6621178142898739,47.59370446205139,74.26734852790833,10,0.0001,42
2,10,0.030436590129949526,0.007582237736273752,34.96,0.6621178142898739,47.3961238861084,74.26734852790833,10,0.0001,42
3,10,0.027414786393200403,0.006926717464252694,34.96,0.6621178142898739,47.073315382003784,74.26734852790833,10,0.0001,42
4,10,0.025253713957597314,0.006989051699657131,34.96,0.6621178142898739,46.87900185585022,74.26734852790833,10,0.0001,42
5,10,0.02373652609480325,0.007073575388227827,34.96,0.6621178142898739,46.75671052932739,74.26734852790833,10,0.0001,42
6,10,0.02293359459682621,0.007418341716742752,34.96,0.6621178142898739,46.67277479171753,74.26734852790833,10,0.0001,42
7,10,0.022579590616557805,0.007911636535076027,34.96,0.6621178142898739,46.679898738861084,74.26734852790833,10,0.0001,42
8,10,0.02242732512605112,0.008218068570797052,34.96,0.6621178142898739,46.595510721206665,74.26734852790833,10,0.0001,42
9,10,0.02238596066209352,0.008567722478732729,34.96,0.6621178142898739,46.68307900428772,74.26734852790833,10,0.0001,42
10,10,0.022356903660100985,0.008796499092141188,33.68,1.690443728729235,50.46078372001648,63.396775007247925,10,0.0001,42
11,10,0.022323522169165527,0.008826835081228345,33.68,1.690443728729235,46.34951615333557,63.396775007247925,10,0.0001,42
12,10,0.0223222318579713,0.0087574587886089,33.68,1.690443728729235,46.783833026885986,63.396775007247925,10,0.0001,42
13,10,0.022285671375720944,0.00873792134401695,33.68,1.690443728729235,46.803643226623535,63.396775007247925,10,0.0001,42
14,10,0.02226490304052346,0.008835659598078109,33.68,1.690443728729235,46.91822934150696,63.396775007247925,10,0.0001,42
15,10,0.022255573353933134,0.00885798307860421,33.68,1.690443728729235,46.84292435646057,63.396775007247925,10,0.0001,42
16,10,0.022241537862486505,0.00887208586499635,33.68,1.690443728729235,46.973238945007324,63.396775007247925,10,0.0001,42
17,10,0.022220007026981438,0.008879328206660299,33.68,1.690443728729235,47.047712087631226,63.396775007247925,10,0.0001,42
18,10,0.022220547612839568,0.009001040334241718,33.68,1.690443728729235,47.04352426528931,63.396775007247925,10,0.0001,42
19,10,0.022197056197564125,0.009041331666790442,33.68,1.690443728729235,47.116198778152466,63.396775007247925,10,0.0001,42
20,10,0.022157386104941154,0.00894896488535655,34.16,1.5666524822052912,47.1227285861969,53.611180543899536,10,0.0001,42
21,10,0.022142239822352118,0.008957237222718583,34.16,1.5666524822052912,53.777355909347534,53.611180543899536,10,0.0001,42
22,10,0.022111003177814618,0.008899109647509723,34.16,1.5666524822052912,51.62581515312195,53.611180543899536,10,0.0001,42
23,10,0.022104195144019206,0.008895603435750004,34.16,1.5666524822052912,47.820497274398804,53.611180543899536,10,0.0001,42
24,10,0.02208649466184602,0.008842420403292972,34.16,1.5666524822052912,48.75491452217102,53.611180543899536,10,0.0001,42
25,10,0.02206316873069849,0.008796646341589316,34.16,1.5666524822052912,48.06637001037598,53.611180543899536,10,0.0001,42
26,10,0.022039141639417358,0.00880979251684176,34.16,1.5666524822052912,47.98558282852173,53.611180543899536,10,0.0001,42
27,10,0.022007953376100186,0.00897109721167317,34.16,1.5666524822052912,47.69081354141235,53.611180543899536,10,0.0001,42
28,10,0.021994067978335134,0.008995255213948642,34.16,1.5666524822052912,49.29990792274475,53.611180543899536,10,0.0001,42
29,10,0.021966460305218507,0.008954482769224031,34.16,1.5666524822052912,47.815316677093506,53.611180543899536,10,0.0001,42
30,10,0.021971288178855478,0.008864221023180421,33.36,1.6463292501805342,48.50369381904602,52.451122999191284,10,0.0001,42
31,10,0.02197803906811533,0.009128966692108702,33.36,1.6463292501805342,49.23199391365051,52.451122999191284,10,0.0001,42
32,10,0.02189344596220522,0.009108824793039956,33.36,1.6463292501805342,48.06567859649658,52.451122999191284,10,0.0001,42
33,10,0.021878815847474118,0.008949446806405458,33.36,1.6463292501805342,57.79910969734192,52.451122999191284,10,0.0001,42
34,10,0.0218572821521038,0.008903226701188082,33.36,1.6463292501805342,48.39756965637207,52.451122999191284,10,0.0001,42
35,10,0.021832628676969543,0.008930090542978322,33.36,1.6463292501805342,49.471614360809326,52.451122999191284,10,0.0001,42
36,10,0.02181811461613869,0.008920966265864982,33.36,1.6463292501805342,49.394118785858154,52.451122999191284,10,0.0001,42
37,10,0.02178027950223535,0.008936154366566397,33.36,1.6463292501805342,48.993979692459106,52.451122999191284,10,0.0001,42
38,10,0.021760702413895883,0.00896585249971963,33.36,1.6463292501805342,48.761154651641846,52.451122999191284,10,0.0001,42
39,10,0.021754815537772636,0.009058188746923972,33.36,1.6463292501805342,51.191943645477295,52.451122999191284,10,0.0001,42
40,10,0.02171652411080247,0.009054633569539393,32.88,1.6809521111560555,48.955299615859985,51.6399781703949,10,0.0001,42
41,10,0.02169798930100928,0.00905279827139094,32.88,1.6809521111560555,49.22564768791199,51.6399781703949,10,0.0001,42
42,10,0.021684521530521732,0.00892792341181832,32.88,1.6809521111560555,48.98141002655029,51.6399781703949,10,0.0001,42
43,10,0.02165840679517148,0.00884833592041089,32.88,1.6809521111560555,49.18354511260986,51.6399781703949,10,0.0001,42
44,10,0.021620405457310168,0.0089980865024534,32.88,1.6809521111560555,55.52561974525452,51.6399781703949,10,0.0001,42
45,10,0.021637946402734653,0.008958568884223557,32.88,1.6809521111560555,52.77568292617798,51.6399781703949,10,0.0001,42
46,10,0.021577149561376453,0.009017967257705846,32.88,1.6809521111560555,49.67997074127197,51.6399781703949,10,0.0001,42
47,10,0.021548697022450016,0.009020870561018695,32.88,1.6809521111560555,49.796252489089966,51.6399781703949,10,0.0001,42
48,10,0.021533504619628094,0.009085141071360908,32.88,1.6809521111560555,50.17470121383667,51.6399781703949,10,0.0001,42
49,10,0.02152124432973655,0.009022801535595312,32.88,1.6809521111560555,50.14467787742615,51.6399781703949,10,0.0001,42
50,10,0.021485619428053847,0.009026054228064911,31.64,1.410815367083872,50.28823781013489,49.66077518463135,10,0.0001,42
51,10,0.02147469271235801,0.009090177254569362,31.64,1.410815367083872,51.21410632133484,49.66077518463135,10,0.0001,42
52,10,0.021455279323009398,0.009084844655041655,31.64,1.410815367083872,50.516653299331665,49.66077518463135,10,0.0001,42
53,10,0.0214171061369733,0.009047552112205644,31.64,1.410815367083872,50.69973921775818,49.66077518463135,10,0.0001,42
54,10,0.021402737498446726,0.008980102101578926,31.64,1.410815367083872,50.7605459690094,49.66077518463135,10,0.0001,42
55,10,0.02139331243519235,0.009039721761007079,31.64,1.410815367083872,56.190598011016846,49.66077518463135,10,0.0001,42
56,10,0.021374247155743566,0.009115787302265982,31.64,1.410815367083872,55.17541241645813,49.66077518463135,10,0.0001,42
57,10,0.02134072563222332,0.009099483467146688,31.64,1.410815367083872,51.21303415298462,49.66077518463135,10,0.0001,42
58,10,0.021324460450256516,0.009010191532125731,31.64,1.410815367083872,51.34937930107117,49.66077518463135,10,0.0001,42
59,10,0.02131288277029752,0.00891674095545362,31.64,1.410815367083872,51.44673824310303,49.66077518463135,10,0.0001,42
60,10,0.021285217229815453,0.008961958183460786,30.64,1.0537551897855593,51.560056924819946,47.99713492393494,10,0.0001,42
61,10,0.021273233189550236,0.00898431192463505,30.64,1.0537551897855593,52.34466552734375,47.99713492393494,10,0.0001,42
62,10,0.021261921692310632,0.009104753742754388,30.64,1.0537551897855593,51.96731638908386,47.99713492393494,10,0.0001,42
63,10,0.02123540711805189,0.009049712832485375,30.64,1.0537551897855593,52.18614053726196,47.99713492393494,10,0.0001,42
64,10,0.021221098218708784,0.008980654670840874,30.64,1.0537551897855593,52.430588483810425,47.99713492393494,10,0.0001,42
65,10,0.02123335843767738,0.009075521614481274,30.64,1.0537551897855593,52.35318732261658,47.99713492393494,10,0.0001,42
66,10,0.02119810699028069,0.008993341434363452,30.64,1.0537551897855593,61.644246101379395,47.99713492393494,10,0.0001,42
67,10,0.02117259884313305,0.009067808363640092,30.64,1.0537551897855593,52.88293385505676,47.99713492393494,10,0.0001,42
68,10,0.021166769022753072,0.009041631171798228,30.64,1.0537551897855593,53.34131073951721,47.99713492393494,10,0.0001,42
69,10,0.021144969654242618,0.009031825259184193,30.64,1.0537551897855593,52.840452671051025,47.99713492393494,10,0.0001,42
70,10,0.021174362137490875,0.009185150957064606,30.4,0.8485281374238571,53.06587839126587,47.60922122001648,10,0.0001,42
71,10,0.02111219006732354,0.009076789864852166,30.4,0.8485281374238571,52.970802545547485,47.60922122001648,10,0.0001,42
72,10,0.02111396173185106,0.008952359876934773,30.4,0.8485281374238571,53.05909848213196,47.60922122001648,10,0.0001,42
73,10,0.02110532041774363,0.008952045869044458,30.4,0.8485281374238571,53.175227642059326,47.60922122001648,10,0.0001,42
74,10,0.021108310253177616,0.00896700921338966,30.4,0.8485281374238571,53.497872829437256,47.60922122001648,10,0.0001,42
75,10,0.021088567256843833,0.009050236971326519,30.4,0.8485281374238571,53.998982429504395,47.60922122001648,10,0.0001,42
76,10,0.02107435669016253,0.009079440418992299,30.4,0.8485281374238571,57.307504415512085,47.60922122001648,10,0.0001,42
77,10,0.021080910426951004,0.009020508754577309,30.4,0.8485281374238571,58.75473952293396,47.60922122001648,10,0.0001,42
78,10,0.021065452628558263,0.008963592473357707,30.4,0.8485281374238571,53.68625259399414,47.60922122001648,10,0.0001,42
79,10,0.02104719639985351,0.009045663445336815,30.4,0.8485281374238571,54.29889535903931,47.60922122001648,10,0.0001,42
80,10,0.021039547128545843,0.009060019302343104,30.36,0.48000000000000004,54.292720079422,47.472389936447144,10,0.0001,42
81,10,0.021044391328201625,0.009087410755697767,30.36,0.48000000000000004,54.41986656188965,47.472389936447144,10,0.0001,42
82,10,0.02104039069786802,0.008956921593393237,30.36,0.48000000000000004,54.446184396743774,47.472389936447144,10,0.0001,42
83,10,0.021023171735524492,0.008960752734520253,30.36,0.48000000000000004,54.567381858825684,47.472389936447144,10,0.0001,42
84,10,0.021027966933856824,0.008979878437489238,30.36,0.48000000000000004,54.58187651634216,47.472389936447144,10,0.0001,42
85,10,0.021014168731251386,0.008972659485016946,30.36,0.48000000000000004,54.58794331550598,47.472389936447144,10,0.0001,42
86,10,0.021004327053773444,0.009027132512357814,30.36,0.48000000000000004,55.13308668136597,47.472389936447144,10,0.0001,42
87,10,0.021023477284824527,0.00906543475782714,30.36,0.48000000000000004,61.97051119804382,47.472389936447144,10,0.0001,42
88,10,0.021011257441631667,0.008991110437303204,30.36,0.48000000000000004,54.50569987297058,47.472389936447144,10,0.0001,42
89,10,0.02100084294759369,0.00907369745197046,30.36,0.48000000000000004,54.71328902244568,47.472389936447144,10,0.0001,42
90,10,0.021019678050856333,0.008911236239479255,30.56,0.6974238309665078,54.45607805252075,47.679850816726685,10,0.0001,42
91,10,0.021008583308780856,0.0089970379385934,30.56,0.6974238309665078,54.55212950706482,47.679850816726685,10,0.0001,42
92,10,0.020982728716568845,0.008987258969364411,30.56,0.6974238309665078,55.270352602005005,47.679850816726685,10,0.0001,42
93,10,0.020988741183265838,0.009012414852455124,30.56,0.6974238309665078,54.71696734428406,47.679850816726685,10,0.0001,42
94,10,0.021006339073647486,0.0090472023649105,30.56,0.6974238309665078,54.92785978317261,47.679850816726685,10,0.0001,42
95,10,0.020974372380636132,0.008974072583506076,30.56,0.6974238309665078,54.77979874610901,47.679850816726685,10,0.0001,42
96,10,0.02098618863087214,0.008940974140488884,30.56,0.6974238309665078,54.86391544342041,47.679850816726685,10,0.0001,42
97,10,0.020978444652896815,0.008993173050942438,30.56,0.6974238309665078,63.6116304397583,47.679850816726685,10,0.0001,42
98,10,0.020984564165207727,0.008986675989009596,30.56,0.6974238309665078,54.80314254760742,47.679850816726685,10,0.0001,42
99,10,0.020973203071733847,0.008954981255219022,30.56,0.6974238309665078,54.85730338096619,47.679850816726685,10,0.0001,42
100,10,0.020974728070557464,0.008901533021634286,31.08,0.5599999999999999,55.620537996292114,48.662376403808594,10,0.0001,42
101,10,0.020985796684392193,0.009029654067194916,31.08,0.5599999999999999,54.976940870285034,48.662376403808594,10,0.0001,42
102,10,0.02096952147213793,0.00902293865153359,31.08,0.5599999999999999,55.06178283691406,48.662376403808594,10,0.0001,42
103,10,0.020995483074638742,0.00892426067679901,31.08,0.5599999999999999,54.99411869049072,48.662376403808594,10,0.0001,42
104,10,0.02096132491645692,0.008893907887354389,31.08,0.5599999999999999,54.92221212387085,48.662376403808594,10,0.0001,42
105,10,0.020972222130222422,0.009023672087925219,31.08,0.5599999999999999,55.17391014099121,48.662376403808594,10,0.0001,42
106,10,0.020980987069926408,0.008964689803858486,31.08,0.5599999999999999,55.086005449295044,48.662376403808594,10,0.0001,42
107,10,0.020974157475180378,0.008968419198918973,31.08,0.5599999999999999,63.685856103897095,48.662376403808594,10,0.0001,42
108,10,0.02097197164120299,0.00897078438411821,31.08,0.5599999999999999,55.514203786849976,48.662376403808594,10,0.0001,42
109,10,0.02096281436030498,0.008966075142042368,31.08,0.5599999999999999,55.81046795845032,48.662376403808594,10,0.0001,42
110,10,0.020965434476245964,0.008974968793764257,31.08,0.5599999999999999,55.11981272697449,48.56293058395386,10,0.0001,42
111,10,0.020967771648553065,0.00895222848429592,31.08,0.5599999999999999,55.24662637710571,48.56293058395386,10,0.0001,42
112,10,0.020972910030529885,0.00893369074565699,31.08,0.5599999999999999,55.2216796875,48.56293058395386,10,0.0001,42
113,10,0.020958332592573462,0.00892689168030429,31.08,0.5599999999999999,55.14905405044556,48.56293058395386,10,0.0001,42
114,10,0.020964987091515442,0.008987373054864712,31.08,0.5599999999999999,55.449299335479736,48.56293058395386,10,0.0001,42
115,10,0.02098357377178506,0.008933272888515443,31.08,0.5599999999999999,55.195826053619385,48.56293058395386,10,0.0001,42
116,10,0.020959201572149838,0.008953603875995916,31.08,0.5599999999999999,55.36752223968506,48.56293058395386,10,0.0001,42
117,10,0.020964724751124455,0.008981082907622574,31.08,0.5599999999999999,63.5028018951416,48.56293058395386,10,0.0001,42
118,10,0.02096532287172646,0.008957318908536535,31.08,0.5599999999999999,56.68490481376648,48.56293058395386,10,0.0001,42
119,10,0.020989062839146814,0.009016275510055911,31.08,0.5599999999999999,55.447531938552856,48.56293058395386,10,0.0001,42
120,10,0.02097405544205209,0.008979230013239971,30.88,0.6523802572120037,55.34763169288635,48.28956723213196,10,0.0001,42
121,10,0.020989729235052483,0.008921787245534213,30.88,0.6523802572120037,55.32087993621826,48.28956723213196,10,0.0001,42
122,10,0.020964371555066877,0.008909144122881905,30.88,0.6523802572120037,55.34583067893982,48.28956723213196,10,0.0001,42
123,10,0.02097561253584747,0.009016367050296273,30.88,0.6523802572120037,55.458561182022095,48.28956723213196,10,0.0001,42
124,10,0.02097594181990814,0.009025616272271195,30.88,0.6523802572120037,55.4588680267334,48.28956723213196,10,0.0001,42
125,10,0.020960984769179663,0.008912906286452228,30.88,0.6523802572120037,55.47269034385681,48.28956723213196,10,0.0001,42
126,10,0.02096028616905112,0.008941043808965663,30.88,0.6523802572120037,55.5453827381134,48.28956723213196,10,0.0001,42
127,10,0.020993759897118682,0.008900519708558218,30.88,0.6523802572120037,63.5511040687561,48.28956723213196,10,0.0001,42
128,10,0.021010583776004302,0.009072787568380182,30.88,0.6523802572120037,57.35184836387634,48.28956723213196,10,0.0001,42
129,10,0.020949169473327246,0.008983824457455703,30.88,0.6523802572120037,55.434792280197144,48.28956723213196,10,0.0001,42
130,10,0.020963780888635253,0.0089438546073445,31.28,0.664529909033446,55.39482355117798,48.856465339660645,10,0.0001,42
131,10,0.020970090566015037,0.00894693517988183,31.28,0.664529909033446,55.61738300323486,48.856465339660645,10,0.0001,42
132,10,0.020961745718086337,0.00890437744881514,31.28,0.664529909033446,55.34818077087402,48.856465339660645,10,0.0001,42
133,10,0.020959319257386547,0.008924616348038476,31.28,0.664529909033446,55.37457227706909,48.856465339660645,10,0.0001,42
134,10,0.020971364049925435,0.00888725403202448,31.28,0.664529909033446,55.39101266860962,48.856465339660645,10,0.0001,42
135,10,0.020959092556089565,0.00896432448713956,31.28,0.664529909033446,55.42255210876465,48.856465339660645,10,0.0001,42
136,10,0.020971675572847924,0.008972411684489168,31.28,0.664529909033446,56.33431077003479,48.856465339660645,10,0.0001,42
137,10,0.020965974429405662,0.008984172481231293,31.28,0.664529909033446,63.90206027030945,48.856465339660645,10,0.0001,42
138,10,0.02098020398700209,0.008891038168795148,31.28,0.664529909033446,56.42035937309265,48.856465339660645,10,0.0001,42
139,10,0.020963132953188295,0.008984719781673521,31.28,0.664529909033446,55.872220516204834,48.856465339660645,10,0.0001,42
140,10,0.02095762826880343,0.00899868800174937,30.96,0.5986651818838306,55.431801319122314,48.34747529029846,10,0.0001,42
141,10,0.020978104542610038,0.00889433172312338,30.96,0.5986651818838306,55.36707043647766,48.34747529029846,10,0.0001,42
142,10,0.020959233044969574,0.008912754657912783,30.96,0.5986651818838306,55.423009395599365,48.34747529029846,10,0.0001,42
143,10,0.020961976962214034,0.00895593247032555,30.96,0.5986651818838306,56.76610994338989,48.34747529029846,10,0.0001,42
144,10,0.020959494771756303,0.008957776744576412,30.96,0.5986651818838306,55.98113203048706,48.34747529029846,10,0.0001,42
145,10,0.020965492050704426,0.008998853020811562,30.96,0.5986651818838306,55.57889270782471,48.34747529029846,10,0.0001,42
146,10,0.02097057341246254,0.008998065804773789,30.96,0.5986651818838306,55.85638976097107,48.34747529029846,10,0.0001,42
147,10,0.020958201791488086,0.008944128339244937,30.96,0.5986651818838306,63.950544357299805,48.34747529029846,10,0.0001,42
148,10,0.02096511763660215,0.008927839663745836,30.96,0.5986651818838306,55.882768869400024,48.34747529029846,10,0.0001,42
149,10,0.020962623990169727,0.008930127104389698,30.96,0.5986651818838306,55.90689539909363,48.34747529029846,10,0.0001,42
150,10,0.020970245263267136,0.00898539221280164,31.28,0.664529909033446,56.50638127326965,48.88728094100952,10,0.0001,42
151,10,0.02096225694120404,0.008925824422692892,31.28,0.664529909033446,55.57339906692505,48.88728094100952,10,0.0001,42
152,10,0.020959098141974376,0.008903214096740181,31.28,0.664529909033446,55.754995584487915,48.88728094100952,10,0.0001,42
153,10,0.020966916067333505,0.008996062088386115,31.28,0.664529909033446,55.53355598449707,48.88728094100952,10,0.0001,42
154,10,0.020957125649094414,0.0089755225939829,31.28,0.664529909033446,55.6429500579834,48.88728094100952,10,0.0001,42
155,10,0.020970986827226333,0.008944063390162354,31.28,0.664529909033446,55.50659918785095,48.88728094100952,10,0.0001,42
156,10,0.020964856711959797,0.008933047325592839,31.28,0.664529909033446,55.406689167022705,48.88728094100952,10,0.0001,42
157,10,0.020961049335985547,0.008911235176350006,31.28,0.664529909033446,65.22045350074768,48.88728094100952,10,0.0001,42
158,10,0.020964145446421955,0.00896758417613057,31.28,0.664529909033446,55.77814745903015,48.88728094100952,10,0.0001,42
159,10,0.0209584086320803,0.008968264515583269,31.28,0.664529909033446,55.536152601242065,48.88728094100952,10,0.0001,42
160,10,0.02097887776613215,0.00888199073450584,31.16,0.6118823416311342,55.866512298583984,48.71667766571045,10,0.0001,42
161,10,0.0209721791804053,0.008934753166990692,31.16,0.6118823416311342,55.69815754890442,48.71667766571045,10,0.0001,42
162,10,0.020961805006231845,0.00898161710610435,31.16,0.6118823416311342,55.43186354637146,48.71667766571045,10,0.0001,42
163,10,0.020960392447753887,0.008974160188222694,31.16,0.6118823416311342,55.53276062011719,48.71667766571045,10,0.0001,42
164,10,0.020978210245397057,0.008924757936177728,31.16,0.6118823416311342,55.5454204082489,48.71667766571045,10,0.0001,42
165,10,0.020965300210906933,0.008971886124755066,31.16,0.6118823416311342,55.512532472610474,48.71667766571045,10,0.0001,42
166,10,0.02096070264111522,0.008939133071840074,31.16,0.6118823416311342,55.54322814941406,48.71667766571045,10,0.0001,42
167,10,0.02096288813405246,0.008913377784211493,31.16,0.6118823416311342,65.35207223892212,48.71667766571045,10,0.0001,42
168,10,0.02098326040479977,0.008976507960276726,31.16,0.6118823416311342,56.301684856414795,48.71667766571045,10,0.0001,42
169,10,0.020961354888045364,0.008895449119751401,31.16,0.6118823416311342,55.73452854156494,48.71667766571045,10,0.0001,42
170,10,0.020972463143630434,0.008951434624713699,31.16,0.6118823416311343,55.48427891731262,48.74989175796509,10,0.0001,42
171,10,0.020959363935177944,0.008960550160861117,31.16,0.6118823416311343,55.779133558273315,48.74989175796509,10,0.0001,42
172,10,0.020969658173211298,0.009021559248011683,31.16,0.6118823416311343,55.457730293273926,48.74989175796509,10,0.0001,42
173,10,0.020965659103122807,0.00892568779105814,31.16,0.6118823416311343,55.92998170852661,48.74989175796509,10,0.0001,42
174,10,0.020970458902073986,0.008924663258655185,31.16,0.6118823416311343,56.01399636268616,48.74989175796509,10,0.0001,42
175,10,0.0209679835172738,0.008993450839777935,31.16,0.6118823416311343,55.52678322792053,48.74989175796509,10,0.0001,42
176,10,0.02096135611778547,0.008887075202240066,31.16,0.6118823416311343,55.49843406677246,48.74989175796509,10,0.0001,42
177,10,0.020966794092596837,0.008918404395094571,31.16,0.6118823416311343,63.754894495010376,48.74989175796509,10,0.0001,42
178,10,0.020959589768551144,0.008957739732469265,31.16,0.6118823416311343,55.88806200027466,48.74989175796509,10,0.0001,42
179,10,0.020960424303321852,0.008968791735880149,31.16,0.6118823416311343,55.508498430252075,48.74989175796509,10,0.0001,42
180,10,0.02095779248348692,0.008962581064777382,31.28,0.664529909033446,56.018539905548096,48.85689902305603,10,0.0001,42
181,10,0.020967662709252086,0.008910087815386387,31.28,0.664529909033446,56.58617424964905,48.85689902305603,10,0.0001,42
182,10,0.02096558254548317,0.008911678694614317,31.28,0.664529909033446,56.65555167198181,48.85689902305603,10,0.0001,42
183,10,0.020976769650149284,0.008991380746084495,31.28,0.664529909033446,55.57447624206543,48.85689902305603,10,0.0001,42
184,10,0.020970953587631413,0.008941453009939147,31.28,0.664529909033446,55.560617208480835,48.85689902305603,10,0.0001,42
185,10,0.020956410496322592,0.008915467750745752,31.28,0.664529909033446,55.629870653152466,48.85689902305603,10,0.0001,42
186,10,0.020960783292752548,0.008963638843696019,31.28,0.664529909033446,55.820432901382446,48.85689902305603,10,0.0001,42
187,10,0.020959885222734682,0.008966924659567653,31.28,0.664529909033446,65.16932010650635,48.85689902305603,10,0.0001,42
188,10,0.020967220771168672,0.008958830372635122,31.28,0.664529909033446,55.878233194351196,48.85689902305603,10,0.0001,42
189,10,0.020969470039711963,0.008937389277414793,31.28,0.664529909033446,55.93675661087036,48.85689902305603,10,0.0001,42
190,10,0.020966633852162814,0.008935848505617716,31.28,0.664529909033446,55.53322887420654,48.90116357803345,10,0.0001,42
191,10,0.02096184784968173,0.008965811706674749,31.28,0.664529909033446,56.29435610771179,48.90116357803345,10,0.0001,42
192,10,0.02095609267117299,0.008920667776363678,31.28,0.664529909033446,55.56050229072571,48.90116357803345,10,0.0001,42
193,10,0.020982716765236838,0.008917909653440354,31.28,0.664529909033446,55.49976563453674,48.90116357803345,10,0.0001,42
194,10,0.020960037516005003,0.008963289236018126,31.28,0.664529909033446,55.535494565963745,48.90116357803345,10,0.0001,42
195,10,0.020962655395138544,0.00898493536935539,31.28,0.664529909033446,55.57352590560913,48.90116357803345,10,0.0001,42
196,10,0.020972377189128342,0.008905869646892198,31.28,0.664529909033446,55.52929210662842,48.90116357803345,10,0.0001,42
197,10,0.02095912784615067,0.008911658656149629,31.28,0.664529909033446,63.93500566482544,48.90116357803345,10,0.0001,42
198,10,0.020956727991336153,0.00897435553970417,31.28,0.664529909033446,55.711483001708984,48.90116357803345,10,0.0001,42
199,10,0.02098668535581166,0.008931107450312649,31.28,0.664529909033446,55.4731023311615,48.90116357803345,10,0.0001,42
200,10,0.020955739731396878,0.008953092935981156,31.28,0.664529909033446,55.44941449165344,48.88831567764282,10,0.0001,42
201,10,0.020975678242753835,0.00903164202048781,31.28,0.664529909033446,56.10946083068848,48.88831567764282,10,0.0001,42
202,10,0.020955274610741995,0.008993174465216048,31.28,0.664529909033446,55.59832763671875,48.88831567764282,10,0.0001,42
203,10,0.020966220295501176,0.00892016645734063,31.28,0.664529909033446,55.62011241912842,48.88831567764282,10,0.0001,42
204,10,0.02096898292736488,0.00891184268148199,31.28,0.664529909033446,55.569791316986084,48.88831567764282,10,0.0001,42
205,10,0.020960257536574135,0.008932054595181645,31.28,0.664529909033446,55.50050950050354,48.88831567764282,10,0.0001,42
206,10,0.02095847272337755,0.00894435095122284,31.28,0.664529909033446,56.70210790634155,48.88831567764282,10,0.0001,42
207,10,0.020975779797348472,0.00900763296856163,31.28,0.664529909033446,64.40372967720032,48.88831567764282,10,0.0001,42
208,10,0.020985796539971492,0.008878522303563941,31.28,0.664529909033446,55.95743417739868,48.88831567764282,10,0.0001,42
209,10,0.02096840229857147,0.008927717399869231,31.28,0.664529909033446,55.46503210067749,48.88831567764282,10,0.0001,42
210,10,0.020966331327348743,0.009033431496861952,30.96,0.5986651818838306,55.91920495033264,48.39506816864014,10,0.0001,42
211,10,0.02096463110886783,0.008933659551002528,30.96,0.5986651818838306,55.53355026245117,48.39506816864014,10,0.0001,42
212,10,0.0209712290364793,0.008907032469115844,30.96,0.5986651818838306,56.38170504570007,48.39506816864014,10,0.0001,42
213,10,0.020963974613072468,0.00891734692122659,30.96,0.5986651818838306,56.43331050872803,48.39506816864014,10,0.0001,42
214,10,0.020961838641545428,0.008998399029274726,30.96,0.5986651818838306,55.58942246437073,48.39506816864014,10,0.0001,42
215,10,0.020974894406622598,0.008956804279476524,30.96,0.5986651818838306,56.210230112075806,48.39506816864014,10,0.0001,42
216,10,0.020976511786754234,0.00899341297616964,30.96,0.5986651818838306,55.69467902183533,48.39506816864014,10,0.0001,42
217,10,0.02095803728169687,0.008981464540601268,30.96,0.5986651818838306,64.72988486289978,48.39506816864014,10,0.0001,42
218,10,0.020967090382587174,0.008909706095663519,30.96,0.5986651818838306,55.50090408325195,48.39506816864014,10,0.0001,42
219,10,0.02097584667106661,0.008943435043088487,30.96,0.5986651818838306,55.55412292480469,48.39506816864014,10,0.0001,42
220,10,0.020982562983063936,0.008968849533938903,31.36,0.6248199740725324,55.505292892456055,49.20489001274109,10,0.0001,42
221,10,0.020963920008762977,0.008954066421849219,31.36,0.6248199740725324,55.519914627075195,49.20489001274109,10,0.0001,42
222,10,0.02101959975239755,0.008872656855893793,31.36,0.6248199740725324,55.70942711830139,49.20489001274109,10,0.0001,42
223,10,0.020955720976717555,0.00896835277188805,31.36,0.6248199740725324,55.686286211013794,49.20489001274109,10,0.0001,42
224,10,0.020970763758369957,0.009032760653893959,31.36,0.6248199740725324,55.51240921020508,49.20489001274109,10,0.0001,42
225,10,0.0209649290284333,0.008925876204816578,31.36,0.6248199740725324,55.49917221069336,49.20489001274109,10,0.0001,42
226,10,0.020973101626954493,0.008940764097972542,31.36,0.6248199740725324,56.50643444061279,49.20489001274109,10,0.0001,42
227,10,0.02095962596530367,0.008980225776383017,31.36,0.6248199740725324,65.36381697654724,49.20489001274109,10,0.0001,42
228,10,0.020960876217058732,0.008893286942338057,31.36,0.6248199740725324,55.47706985473633,49.20489001274109,10,0.0001,42
229,10,0.020974642291828313,0.008967498293665508,31.36,0.6248199740725324,55.49801969528198,49.20489001274109,10,0.0001,42
230,10,0.020985914786327615,0.008905814942951685,31.24,0.6499230723708769,55.518121004104614,48.97208333015442,10,0.0001,42
231,10,0.020961709275672893,0.008893761234870085,31.24,0.6499230723708769,55.42499089241028,48.97208333015442,10,0.0001,42
232,10,0.021017829548115527,0.009117605588449835,31.24,0.6499230723708769,55.48496460914612,48.97208333015442,10,0.0001,42
233,10,0.020968039662163093,0.008995731662936124,31.24,0.6499230723708769,55.45530700683594,48.97208333015442,10,0.0001,42
234,10,0.02096980924834407,0.008972773566388283,31.24,0.6499230723708769,56.23380517959595,48.97208333015442,10,0.0001,42
235,10,0.02098089693819937,0.008890857126997978,31.24,0.6499230723708769,55.6131386756897,48.97208333015442,10,0.0001,42
236,10,0.020975381996678373,0.008860234026648046,31.24,0.6499230723708769,56.14770770072937,48.97208333015442,10,0.0001,42
237,10,0.020985904139577762,0.009053925911387374,31.24,0.6499230723708769,64.37160921096802,48.97208333015442,10,0.0001,42
238,10,0.020968062163890668,0.00898777078610265,31.24,0.6499230723708769,55.58152627944946,48.97208333015442,10,0.0001,42
239,10,0.02097013639297998,0.008904463797276175,31.24,0.6499230723708769,55.46042776107788,48.97208333015442,10,0.0001,42
240,10,0.02095972629345554,0.008909035119575436,31.32,0.6144916598294886,55.453866481781006,48.957597732543945,10,0.0001,42
241,10,0.02095877409976509,0.008959380322868119,31.32,0.6144916598294886,56.0502564907074,48.957597732543945,10,0.0001,42
242,10,0.020962923135385763,0.008963056905251052,31.32,0.6144916598294886,55.48108410835266,48.957597732543945,10,0.0001,42
243,10,0.020968703397016526,0.009013506332897164,31.32,0.6144916598294886,55.52392816543579,48.957597732543945,10,0.0001,42
244,10,0.02095727703937544,0.008966251633989652,31.32,0.6144916598294886,55.46278953552246,48.957597732543945,10,0.0001,42
245,10,0.02096789821325426,0.00897527250857513,31.32,0.6144916598294886,56.04774856567383,48.957597732543945,10,0.0001,42
246,10,0.020966617486400146,0.008902477935823216,31.32,0.6144916598294886,56.13995027542114,48.957597732543945,10,0.0001,42
247,10,0.020960333908667122,0.008907846526320951,31.32,0.6144916598294886,63.77014780044556,48.957597732543945,10,0.0001,42
248,10,0.02096806024538957,0.008983345477970457,31.32,0.6144916598294886,55.53961992263794,48.957597732543945,10,0.0001,42
249,10,0.020990318424126585,0.008886304540065367,31.32,0.6144916598294886,55.45420241355896,48.957597732543945,10,0.0001,42
250,10,0.020957561113632034,0.008938975920489834,31.32,0.6144916598294886,55.51045060157776,48.95307397842407,10,0.0001,42
251,10,0.020961987925985245,0.008975077102288231,31.32,0.6144916598294886,55.49570655822754,48.95307397842407,10,0.0001,42
252,10,0.020966517939264948,0.009001631946007192,31.32,0.6144916598294886,55.61104202270508,48.95307397842407,10,0.0001,42
253,10,0.020958678578840876,0.008913818145986272,31.32,0.6144916598294886,55.48586368560791,48.95307397842407,10,0.0001,42
254,10,0.020958550321685986,0.008949209107471538,31.32,0.6144916598294886,55.73940706253052,48.95307397842407,10,0.0001,42
255,10,0.020985254903882863,0.008921645149590533,31.32,0.6144916598294886,55.58934473991394,48.95307397842407,10,0.0001,42
256,10,0.02099298448207129,0.009036852579251428,31.32,0.6144916598294886,56.53235340118408,48.95307397842407,10,0.0001,42
257,10,0.020949991804736307,0.008957570007504377,31.32,0.6144916598294886,63.277225494384766,48.95307397842407,10,0.0001,42
258,10,0.020961204976498716,0.008894243184564795,31.32,0.6144916598294886,56.527570724487305,48.95307397842407,10,0.0001,42
259,10,0.02096744288024191,0.008955787375425841,31.32,0.6144916598294886,56.47244644165039,48.95307397842407,10,0.0001,42
260,10,0.020971833515741407,0.008926734664140321,31.28,0.664529909033446,55.37504196166992,48.87812662124634,10,0.0001,42
261,10,0.020971645693994897,0.008974322681272453,31.28,0.664529909033446,55.94392514228821,48.87812662124634,10,0.0001,42
262,10,0.02096024772187009,0.008985151090193481,31.28,0.664529909033446,56.463046073913574,48.87812662124634,10,0.0001,42
263,10,0.02096293083601017,0.008909172525239355,31.28,0.664529909033446,56.18930959701538,48.87812662124634,10,0.0001,42
264,10,0.02097123514827461,0.008894406510409712,31.28,0.664529909033446,55.52832245826721,48.87812662124634,10,0.0001,42
265,10,0.020957239395856954,0.008941242483604507,31.28,0.664529909033446,55.54307961463928,48.87812662124634,10,0.0001,42
266,10,0.02096334891363883,0.0090160622376061,31.28,0.664529909033446,57.66742825508118,48.87812662124634,10,0.0001,42
267,10,0.02096570886667239,0.008953861479202284,31.28,0.664529909033446,62.844499349594116,48.87812662124634,10,0.0001,42
268,10,0.020965527982084155,0.00890456879296347,31.28,0.664529909033446,56.079965591430664,48.87812662124634,10,0.0001,42
269,10,0.02096376697390643,0.008919720351496907,31.28,0.664529909033446,56.727081060409546,48.87812662124634,10,0.0001,42
270,10,0.020961016214573164,0.008990186496748074,31.28,0.664529909033446,55.460700035095215,48.89147591590881,10,0.0001,42
271,10,0.020980296713650672,0.008927355264113099,31.28,0.664529909033446,55.451529026031494,48.89147591590881,10,0.0001,42
272,10,0.02097135292895837,0.009013669652526325,31.28,0.664529909033446,55.54495573043823,48.89147591590881,10,0.0001,42
273,10,0.020989069875662927,0.00894775322781086,31.28,0.664529909033446,55.578431367874146,48.89147591590881,10,0.0001,42
274,10,0.020972341305020053,0.008970379648827142,31.28,0.664529909033446,55.51335787773132,48.89147591590881,10,0.0001,42
275,10,0.020963290404364662,0.008956189099868938,31.28,0.664529909033446,55.558093786239624,48.89147591590881,10,0.0001,42
276,10,0.0209694947629984,0.008895079007513346,31.28,0.664529909033446,58.080068826675415,48.89147591590881,10,0.0001,42
277,10,0.020986192023453136,0.009010795432401129,31.28,0.664529909033446,61.6819794178009,48.89147591590881,10,0.0001,42
278,10,0.020970924418995174,0.008922792316382301,31.28,0.664529909033446,56.47959661483765,48.89147591590881,10,0.0001,42
279,10,0.020959963619291276,0.008899820800421895,31.28,0.664529909033446,55.46186637878418,48.89147591590881,10,0.0001,42
280,10,0.02095903961099634,0.008948994316493522,31.16,0.6118823416311342,55.5252001285553,48.67531180381775,10,0.0001,42
281,10,0.02099467936230104,0.009039158118328157,31.16,0.6118823416311342,55.538652420043945,48.67531180381775,10,0.0001,42
282,10,0.020959328889251456,0.00893647917418653,31.16,0.6118823416311342,55.62256646156311,48.67531180381775,10,0.0001,42
283,10,0.020967128284350465,0.008975620114529872,31.16,0.6118823416311342,56.06697487831116,48.67531180381775,10,0.0001,42
284,10,0.02095807871440053,0.008918622336784733,31.16,0.6118823416311342,55.63084316253662,48.67531180381775,10,0.0001,42
285,10,0.020974485437594587,0.00897370857864669,31.16,0.6118823416311342,55.48092865943909,48.67531180381775,10,0.0001,42
286,10,0.02096413840593991,0.008947831515187807,31.16,0.6118823416311342,58.421218156814575,48.67531180381775,10,0.0001,42
287,10,0.020958471969575336,0.008922824484168783,31.16,0.6118823416311342,61.576247215270996,48.67531180381775,10,0.0001,42
288,10,0.0209736124564319,0.008921322468946688,31.16,0.6118823416311342,55.51794147491455,48.67531180381775,10,0.0001,42
289,10,0.02097886479212209,0.009033899390729919,31.16,0.6118823416311342,56.03742003440857,48.67531180381775,10,0.0001,42
290,10,0.020949142875741993,0.008958268092457965,31.08,0.5599999999999999,55.75793385505676,48.591551065444946,10,0.0001,42
291,10,0.02097297448315805,0.008855730822243267,31.08,0.5599999999999999,55.48505449295044,48.591551065444946,10,0.0001,42
292,10,0.02096542372284324,0.008934468527631828,31.08,0.5599999999999999,55.837605714797974,48.591551065444946,10,0.0001,42
293,10,0.02096781246831427,0.008974918081756208,31.08,0.5599999999999999,56.08618927001953,48.591551065444946,10,0.0001,42
294,10,0.02095947908513432,0.008949030659827497,31.08,0.5599999999999999,55.534467935562134,48.591551065444946,10,0.0001,42
295,10,0.020959509117146464,0.008950445505613374,31.08,0.5599999999999999,55.60516929626465,48.591551065444946,10,0.0001,42
296,10,0.020975079088249214,0.008897191060616674,31.08,0.5599999999999999,58.3732373714447,48.591551065444946,10,0.0001,42
297,10,0.020977504575567643,0.008982959021326198,31.08,0.5599999999999999,61.7721803188324,48.591551065444946,10,0.0001,42
298,10,0.020985469414273022,0.00895003278193829,31.08,0.5599999999999999,55.522621393203735,48.591551065444946,10,0.0001,42
299,10,0.02095840986026939,0.008908907759367346,31.08,0.5599999999999999,55.427263498306274,48.591551065444946,10,0.0001,42
300,10,0.020983685034863298,0.009054849146601653,31.28,0.664529909033446,55.46720504760742,48.842459201812744,10,0.0001,42
301,10,0.020962402812040544,0.009014251496595052,31.28,0.664529909033446,55.52499437332153,48.842459201812744,10,0.0001,42
302,10,0.02097361736010339,0.008858756114221393,31.28,0.664529909033446,55.52980041503906,48.842459201812744,10,0.0001,42
303,10,0.02096342284300818,0.008837791717095606,31.28,0.664529909033446,55.46591877937317,48.842459201812744,10,0.0001,42
304,10,0.02097046144538503,0.009033470670230952,31.28,0.664529909033446,55.47113251686096,48.842459201812744,10,0.0001,42
305,10,0.02096586086321406,0.009006033535449551,31.28,0.664529909033446,55.70286750793457,48.842459201812744,10,0.0001,42
306,10,0.020967524453473656,0.008881353095327754,31.28,0.664529909033446,58.47325587272644,48.842459201812744,10,0.0001,42
307,10,0.0209589599979392,0.008897535317211689,31.28,0.664529909033446,61.76908469200134,48.842459201812744,10,0.0001,42
308,10,0.020975983400594457,0.009038222297803346,31.28,0.664529909033446,55.59733462333679,48.842459201812744,10,0.0001,42
309,10,0.020968679541039228,0.008989408321089746,31.28,0.664529909033446,55.662147521972656,48.842459201812744,10,0.0001,42
310,10,0.02096791861283591,0.00893027267126596,31.12,0.5878775382679627,56.01005530357361,48.5406596660614,10,0.0001,42
311,10,0.020967486049080008,0.008923115416574302,31.12,0.5878775382679627,55.425822496414185,48.5406596660614,10,0.0001,42
312,10,0.02096349731733329,0.008941206904541036,31.12,0.5878775382679627,56.35624551773071,48.5406596660614,10,0.0001,42
313,10,0.020988743667413424,0.008979500525292512,31.12,0.5878775382679627,55.81404423713684,48.5406596660614,10,0.0001,42
314,10,0.020959752204864627,0.008916697085447997,31.12,0.5878775382679627,56.149571895599365,48.5406596660614,10,0.0001,42
315,10,0.020962021758346862,0.00895643539125356,31.12,0.5878775382679627,55.528557777404785,48.5406596660614,10,0.0001,42
316,10,0.020966869118645797,0.008978998815380763,31.12,0.5878775382679627,58.49731945991516,48.5406596660614,10,0.0001,42
317,10,0.020962933077300783,0.008963241250066423,31.12,0.5878775382679627,61.465973138809204,48.5406596660614,10,0.0001,42
318,10,0.02096542962760755,0.008910647043388759,31.12,0.5878775382679627,55.39772295951843,48.5406596660614,10,0.0001,42
319,10,0.020962924896778447,0.00891897770115919,31.12,0.5878775382679627,55.563782930374146,48.5406596660614,10,0.0001,42
320,10,0.02097438020900565,0.008993214854607008,31.28,0.664529909033446,55.43787431716919,48.91707944869995,10,0.0001,42
321,10,0.020962224394904888,0.008921707824440033,31.28,0.664529909033446,55.574748516082764,48.91707944869995,10,0.0001,42
322,10,0.02098705646713436,0.008975069680185776,31.28,0.664529909033446,55.69365906715393,48.91707944869995,10,0.0001,42
323,10,0.020967246138539914,0.008905048343989329,31.28,0.664529909033446,55.55218243598938,48.91707944869995,10,0.0001,42
324,10,0.02097700721065031,0.009035953964503447,31.28,0.664529909033446,55.473262786865234,48.91707944869995,10,0.0001,42
325,10,0.020951818090232822,0.008949135914918598,31.28,0.664529909033446,55.51695656776428,48.91707944869995,10,0.0001,42
326,10,0.020964406755785796,0.008899796360819627,31.28,0.664529909033446,60.021225452423096,48.91707944869995,10,0.0001,42
327,10,0.02096569046562298,0.008934292049980226,31.28,0.664529909033446,59.880067110061646,48.91707944869995,10,0.0001,42
328,10,0.020966865281876194,0.008934900047041915,31.28,0.664529909033446,55.600722312927246,48.91707944869995,10,0.0001,42
329,10,0.020973645969844773,0.008998737426652425,31.28,0.664529909033446,57.02425837516785,48.91707944869995,10,0.0001,42
330,10,0.020960339700564455,0.008969320772761408,31.12,0.5878775382679627,56.12755489349365,48.78200674057007,10,0.0001,42
331,10,0.020977217822292747,0.008875972997462555,31.12,0.5878775382679627,55.4353883266449,48.78200674057007,10,0.0001,42
332,10,0.020969187952924576,0.00896875859025939,31.12,0.5878775382679627,56.81732749938965,48.78200674057007,10,0.0001,42
333,10,0.020965897445723313,0.008982644425462706,31.12,0.5878775382679627,56.232572078704834,48.78200674057007,10,0.0001,42
334,10,0.02097051868453438,0.00902010415788183,31.12,0.5878775382679627,55.49238133430481,48.78200674057007,10,0.0001,42
335,10,0.020977035338252497,0.008863368784679387,31.12,0.5878775382679627,55.4770143032074,48.78200674057007,10,0.0001,42
336,10,0.020962822328044646,0.00890994031158406,31.12,0.5878775382679627,59.756075620651245,48.78200674057007,10,0.0001,42
337,10,0.02097152655554184,0.00894466914012273,31.12,0.5878775382679627,60.63743805885315,48.78200674057007,10,0.0001,42
338,10,0.020969460739504495,0.008973836882596994,31.12,0.5878775382679627,56.21145009994507,48.78200674057007,10,0.0001,42
339,10,0.020958677049600544,0.00896292277632521,31.12,0.5878775382679627,55.671576738357544,48.78200674057007,10,0.0001,42
340,10,0.020960885557371797,0.008928689745552843,31.28,0.664529909033446,55.4630012512207,49.0146267414093,10,0.0001,42
341,10,0.020963788573661605,0.008958885433598657,31.28,0.664529909033446,55.39078187942505,49.0146267414093,10,0.0001,42
342,10,0.020995431261080538,0.008901792274398891,31.28,0.664529909033446,55.38950228691101,49.0146267414093,10,0.0001,42
343,10,0.020960123489813225,0.008950230522033092,31.28,0.664529909033446,55.49879217147827,49.0146267414093,10,0.0001,42
344,10,0.02096114390443591,0.008965026550934516,31.28,0.664529909033446,55.509265184402466,49.0146267414093,10,0.0001,42
345,10,0.020987639560310863,0.008939687016918267,31.28,0.664529909033446,55.56614899635315,49.0146267414093,10,0.0001,42
346,10,0.020967605522749892,0.008973157197165021,31.28,0.664529909033446,60.31535887718201,49.0146267414093,10,0.0001,42
347,10,0.020961719271025456,0.008959656355388729,31.28,0.664529909033446,60.25982093811035,49.0146267414093,10,0.0001,42
348,10,0.020966522892886155,0.008916912060213186,31.28,0.664529909033446,55.42139983177185,49.0146267414093,10,0.0001,42
349,10,0.020961756885144973,0.008912885829704707,31.28,0.664529909033446,55.40683054924011,49.0146267414093,10,0.0001,42
350,10,0.02097437906281606,0.008967623983278111,31.28,0.664529909033446,55.55996227264404,49.04648566246033,10,0.0001,42
351,10,0.02097058064907928,0.009048869144460386,31.28,0.664529909033446,55.51008415222168,49.04648566246033,10,0.0001,42
352,10,0.020959940893097023,0.008948275289743733,31.28,0.664529909033446,55.54898929595947,49.04648566246033,10,0.0001,42
353,10,0.020973933518091948,0.008867068351693643,31.28,0.664529909033446,55.44879341125488,49.04648566246033,10,0.0001,42
354,10,0.02095807805112986,0.008926455481146582,31.28,0.664529909033446,55.60890078544617,49.04648566246033,10,0.0001,42
355,10,0.020963428122666435,0.00893658833121837,31.28,0.664529909033446,55.504422664642334,49.04648566246033,10,0.0001,42
356,10,0.02096498187356616,0.008982490802147938,31.28,0.664529909033446,60.08566761016846,49.04648566246033,10,0.0001,42
357,10,0.020965417357690808,0.009008869506483382,31.28,0.664529909033446,60.14628529548645,49.04648566246033,10,0.0001,42
358,10,0.020970637015556605,0.008971594702053293,31.28,0.664529909033446,55.536463022232056,49.04648566246033,10,0.0001,42
359,10,0.02097537788646768,0.008903919938424869,31.28,0.664529909033446,55.5148651599884,49.04648566246033,10,0.0001,42
360,10,0.020960431288054335,0.008883959063435067,31.36,0.6248199740725323,55.362611293792725,49.01281452178955,10,0.0001,42
361,10,0.020975216543735967,0.009014721459227958,31.36,0.6248199740725323,56.14862060546875,49.01281452178955,10,0.0001,42
362,10,0.020986692726042293,0.00890580798977677,31.36,0.6248199740725323,55.373485803604126,49.01281452178955,10,0.0001,42
363,10,0.020959089928560767,0.00889813256256876,31.36,0.6248199740725323,55.50193905830383,49.01281452178955,10,0.0001,42
364,10,0.020961673660944636,0.009002518729148676,31.36,0.6248199740725323,55.44719862937927,49.01281452178955,10,0.0001,42
365,10,0.020972575170488707,0.009030894471865695,31.36,0.6248199740725323,55.63223338127136,49.01281452178955,10,0.0001,42
366,10,0.020956826635436195,0.008953725391567609,31.36,0.6248199740725323,60.046608448028564,49.01281452178955,10,0.0001,42
367,10,0.020969060606200855,0.008871328801737202,31.36,0.6248199740725323,59.99440860748291,49.01281452178955,10,0.0001,42
368,10,0.020979592479432995,0.00897461094727182,31.36,0.6248199740725323,55.55726146697998,49.01281452178955,10,0.0001,42
369,10,0.02098358470602998,0.008968266987304062,31.36,0.6248199740725323,55.520647287368774,49.01281452178955,10,0.0001,42
370,10,0.02096319328609109,0.008955902881930402,31.16,0.6118823416311343,55.43232822418213,48.69268250465393,10,0.0001,42
371,10,0.020976553252502635,0.008997591065822387,31.16,0.6118823416311343,55.98713421821594,48.69268250465393,10,0.0001,42
372,10,0.02100042584594783,0.008885574829090862,31.16,0.6118823416311343,55.56816649436951,48.69268250465393,10,0.0001,42
373,10,0.020985242517642402,0.009005739724850005,31.16,0.6118823416311343,55.47277593612671,48.69268250465393,10,0.0001,42
374,10,0.020957298749247517,0.008988157514353317,31.16,0.6118823416311343,55.557778120040894,48.69268250465393,10,0.0001,42
375,10,0.02102692761437856,0.008871622161981205,31.16,0.6118823416311343,55.517075538635254,48.69268250465393,10,0.0001,42
376,10,0.020967015745898755,0.00897728669028914,31.16,0.6118823416311343,59.989497661590576,48.69268250465393,10,0.0001,42
377,10,0.020966633898525357,0.008976150867948413,31.16,0.6118823416311343,59.333277463912964,48.69268250465393,10,0.0001,42
378,10,0.020959232087234093,0.008934474436901685,31.16,0.6118823416311343,55.54929494857788,48.69268250465393,10,0.0001,42
379,10,0.020983331008819175,0.008907542220994118,31.16,0.6118823416311343,55.553171157836914,48.69268250465393,10,0.0001,42
380,10,0.0209624532220263,0.008983083408138071,31.32,0.6144916598294886,55.51203894615173,48.95532989501953,10,0.0001,42
381,10,0.020963792196897667,0.009005036051857566,31.32,0.6144916598294886,55.43773794174194,48.95532989501953,10,0.0001,42
382,10,0.02097480846331493,0.009025640589542024,31.32,0.6144916598294886,55.75077748298645,48.95532989501953,10,0.0001,42
383,10,0.020958545804807677,0.008914341654695856,31.32,0.6144916598294886,55.51984238624573,48.95532989501953,10,0.0001,42
384,10,0.020969713751529055,0.008868386955316651,31.32,0.6144916598294886,55.69159293174744,48.95532989501953,10,0.0001,42
385,10,0.020969036952045092,0.008914157833316179,31.32,0.6144916598294886,55.56476807594299,48.95532989501953,10,0.0001,42
386,10,0.020976683882850726,0.008985133957511526,31.32,0.6144916598294886,60.21513533592224,48.95532989501953,10,0.0001,42
387,10,0.020965663633459922,0.00894728644213463,31.32,0.6144916598294886,59.06432557106018,48.95532989501953,10,0.0001,42
388,10,0.020963939593403886,0.008907762915469663,31.32,0.6144916598294886,55.4917778968811,48.95532989501953,10,0.0001,42
389,10,0.020961185015646432,0.008971908248681226,31.32,0.6144916598294886,55.49949288368225,48.95532989501953,10,0.0001,42
390,10,0.020973825903909036,0.008954149714754247,31.12,0.5878775382679627,55.4564003944397,48.60021758079529,10,0.0001,42
391,10,0.020972269298806422,0.009009435975435947,31.12,0.5878775382679627,55.53345847129822,48.60021758079529,10,0.0001,42
392,10,0.020977186085600726,0.00890769439696343,31.12,0.5878775382679627,55.52080988883972,48.60021758079529,10,0.0001,42
393,10,0.021005986290683662,0.009030723126552068,31.12,0.5878775382679627,55.553648233413696,48.60021758079529,10,0.0001,42
394,10,0.020952152131158527,0.008977457467909046,31.12,0.5878775382679627,55.642714738845825,48.60021758079529,10,0.0001,42
395,10,0.02096725505267544,0.008903197618537974,31.12,0.5878775382679627,55.52443790435791,48.60021758079529,10,0.0001,42
396,10,0.02096449450197442,0.008945104998202997,31.12,0.5878775382679627,60.78322196006775,48.60021758079529,10,0.0001,42
397,10,0.020961645729172713,0.008977411326263092,31.12,0.5878775382679627,58.93317914009094,48.60021758079529,10,0.0001,42
398,10,0.020958044834007143,0.008918598784293725,31.12,0.5878775382679627,55.47933912277222,48.60021758079529,10,0.0001,42
399,10,0.020963650478670104,0.008915609860074168,31.12,0.5878775382679627,55.67693734169006,48.60021758079529,10,0.0001,42
400,10,0.020962990441576016,0.008950254765193004,31.28,0.664529909033446,55.4599494934082,48.8754301071167,10,0.0001,42
401,10,0.020968170271822847,0.00892402754797261,31.28,0.664529909033446,55.49593687057495,48.8754301071167,10,0.0001,42
402,10,0.020964076856169942,0.008965978670396495,31.28,0.664529909033446,55.6098747253418,48.8754301071167,10,0.0001,42
403,10,0.020992477332072042,0.008922536116534504,31.28,0.664529909033446,55.545913219451904,48.8754301071167,10,0.0001,42
404,10,0.02095891238230471,0.008951467544782665,31.28,0.664529909033446,55.51796579360962,48.8754301071167,10,0.0001,42
405,10,0.021001596037314343,0.009076042689537902,31.28,0.664529909033446,55.51679039001465,48.8754301071167,10,0.0001,42
406,10,0.021007415191164856,0.008934774435975236,31.28,0.664529909033446,61.19694423675537,48.8754301071167,10,0.0001,42
407,10,0.020965363987250504,0.008920814309765908,31.28,0.664529909033446,58.34162425994873,48.8754301071167,10,0.0001,42
408,10,0.020963263296248213,0.00896826351084614,31.28,0.664529909033446,55.464163303375244,48.8754301071167,10,0.0001,42
409,10,0.02096646315520418,0.008913938302319202,31.28,0.664529909033446,55.542234897613525,48.8754301071167,10,0.0001,42
410,10,0.020972203637030336,0.008963036115440155,31.32,0.6144916598294886,55.647199869155884,48.95440196990967,10,0.0001,42
411,10,0.020980770904772152,0.00903203592286165,31.32,0.6144916598294886,55.52252697944641,48.95440196990967,10,0.0001,42
412,10,0.020959133098592056,0.008953434952554481,31.32,0.6144916598294886,55.5439989566803,48.95440196990967,10,0.0001,42
413,10,0.020969645473505168,0.008886353319326142,31.32,0.6144916598294886,55.46581220626831,48.95440196990967,10,0.0001,42
414,10,0.02098184333908787,0.008991916780384168,31.32,0.6144916598294886,55.55739736557007,48.95440196990967,10,0.0001,42
415,10,0.0209619475616565,0.008922137066010203,31.32,0.6144916598294886,55.53091597557068,48.95440196990967,10,0.0001,42
416,10,0.020965188064249327,0.008909145785694527,31.32,0.6144916598294886,61.483004331588745,48.95440196990967,10,0.0001,42
417,10,0.020965626415221178,0.008985171148885446,31.32,0.6144916598294886,58.75360870361328,48.95440196990967,10,0.0001,42
418,10,0.020976810037549413,0.009038596679952143,31.32,0.6144916598294886,55.698524475097656,48.95440196990967,10,0.0001,42
419,10,0.021005734856331802,0.008897881239237931,31.32,0.6144916598294886,55.63782000541687,48.95440196990967,10,0.0001,42
420,10,0.02095621606589325,0.008881016557136313,31.36,0.6248199740725323,55.44393467903137,48.98984932899475,10,0.0001,42
421,10,0.02101143546751238,0.009098835855474345,31.36,0.6248199740725323,55.49218988418579,48.98984932899475,10,0.0001,42
422,10,0.020965373817172454,0.00893493670476117,31.36,0.6248199740725323,55.414305210113525,48.98984932899475,10,0.0001,42
423,10,0.020962916362771745,0.00891783102585402,31.36,0.6248199740725323,55.60189342498779,48.98984932899475,10,0.0001,42
424,10,0.02095849496909236,0.008942332336383016,31.36,0.6248199740725323,55.602455615997314,48.98984932899475,10,0.0001,42
425,10,0.02096702453798858,0.008919675506710403,31.36,0.6248199740725323,55.503458976745605,48.98984932899475,10,0.0001,42
426,10,0.020981239613117986,0.009007735162095428,31.36,0.6248199740725323,61.61583137512207,48.98984932899475,10,0.0001,42
427,10,0.02096307115552486,0.00896982332533421,31.36,0.6248199740725323,57.31725358963013,48.98984932899475,10,0.0001,42
428,10,0.020963051140366232,0.008960589127536264,31.36,0.6248199740725323,55.499037742614746,48.98984932899475,10,0.0001,42
429,10,0.020973692368235174,0.008921138773377397,31.36,0.6248199740725323,55.44785785675049,48.98984932899475,10,0.0001,42
430,10,0.02096414073110258,0.00895871957220682,31.24,0.6499230723708769,55.45492601394653,48.802430152893066,10,0.0001,42
431,10,0.020992684968251227,0.00890372625291479,31.24,0.6499230723708769,55.36696457862854,48.802430152893066,10,0.0001,42
432,10,0.020987855782815423,0.009015244307328807,31.24,0.6499230723708769,55.515482664108276,48.802430152893066,10,0.0001,42
433,10,0.020975020752631253,0.00902777807360627,31.24,0.6499230723708769,55.44085359573364,48.802430152893066,10,0.0001,42
434,10,0.020974862068482886,0.008892034963995694,31.24,0.6499230723708769,55.41223645210266,48.802430152893066,10,0.0001,42
435,10,0.02097922431796218,0.00895933196624132,31.24,0.6499230723708769,55.54696726799011,48.802430152893066,10,0.0001,42
436,10,0.020963639274783064,0.008907968630942545,31.24,0.6499230723708769,62.90048599243164,48.802430152893066,10,0.0001,42
437,10,0.020969024854391675,0.008980386560584147,31.24,0.6499230723708769,56.64636707305908,48.802430152893066,10,0.0001,42
438,10,0.020973915769021384,0.008963838157180746,31.24,0.6499230723708769,55.53841733932495,48.802430152893066,10,0.0001,42
439,10,0.020955408450763314,0.008920632813209574,31.24,0.6499230723708769,55.61735224723816,48.802430152893066,10,0.0001,42
440,10,0.02096180352418726,0.008916573529299662,31.28,0.664529909033446,55.55179834365845,48.91897201538086,10,0.0001,42
441,10,0.020975641805758664,0.00896770399765905,31.28,0.664529909033446,56.07952547073364,48.91897201538086,10,0.0001,42
442,10,0.02096982345068279,0.00899865294176196,31.28,0.664529909033446,55.52875328063965,48.91897201538086,10,0.0001,42
443,10,0.020957022842167015,0.008897561906260724,31.28,0.664529909033446,55.81795644760132,48.91897201538086,10,0.0001,42
444,10,0.020962257929260174,0.008896448101406306,31.28,0.664529909033446,55.46485352516174,48.91897201538086,10,0.0001,42
445,10,0.0209820830772294,0.008997981466572854,31.28,0.664529909033446,55.54580307006836,48.91897201538086,10,0.0001,42
446,10,0.02096807770157502,0.009032801701205241,31.28,0.664529909033446,63.46790099143982,48.91897201538086,10,0.0001,42
447,10,0.020978572158545067,0.008907272549264978,31.28,0.664529909033446,56.130873680114746,48.91897201538086,10,0.0001,42
448,10,0.02096591409795971,0.008909265433250092,31.28,0.664529909033446,55.541547536849976,48.91897201538086,10,0.0001,42
449,10,0.02096256856079277,0.008914786224197814,31.28,0.664529909033446,55.53441619873047,48.91897201538086,10,0.0001,42
450,10,0.02096429890165312,0.008976891778617522,31.28,0.664529909033446,55.63457417488098,48.8566358089447,10,0.0001,42
451,10,0.020986088334427205,0.008929245707792547,31.28,0.664529909033446,56.38828659057617,48.8566358089447,10,0.0001,42
452,10,0.02095869164958974,0.008883683906779854,31.28,0.664529909033446,55.45030999183655,48.8566358089447,10,0.0001,42
453,10,0.020977300564050855,0.0090375414115989,31.28,0.664529909033446,55.56425952911377,48.8566358089447,10,0.0001,42
454,10,0.020954256489435157,0.008988297842868207,31.28,0.664529909033446,55.45133066177368,48.8566358089447,10,0.0001,42
455,10,0.020975721521009412,0.008879433157364622,31.28,0.664529909033446,55.51119256019592,48.8566358089447,10,0.0001,42
456,10,0.020959470059107674,0.008909226539144945,31.28,0.664529909033446,63.76796054840088,48.8566358089447,10,0.0001,42
457,10,0.02096449890488256,0.00900896706457216,31.28,0.664529909033446,55.74711346626282,48.8566358089447,10,0.0001,42
458,10,0.020966185563038406,0.008946970397783855,31.28,0.664529909033446,55.54001784324646,48.8566358089447,10,0.0001,42
459,10,0.020961366592997528,0.008912467870733727,31.28,0.664529909033446,55.545576095581055,48.8566358089447,10,0.0001,42
460,10,0.02097592698348345,0.008901256774131552,31.28,0.664529909033446,55.48795938491821,49.041850090026855,10,0.0001,42
461,10,0.020950357831471023,0.008910428418712051,31.28,0.664529909033446,55.43576455116272,49.041850090026855,10,0.0001,42
462,10,0.020973480347927797,0.009043811391010266,31.28,0.664529909033446,55.59158158302307,49.041850090026855,10,0.0001,42
463,10,0.02098570655797067,0.008957936115455869,31.28,0.664529909033446,55.553895711898804,49.041850090026855,10,0.0001,42
464,10,0.020959078258196373,0.008935749498340204,31.28,0.664529909033446,55.566954374313354,49.041850090026855,10,0.0001,42
465,10,0.020960591347680625,0.00896470955653091,31.28,0.664529909033446,55.577434062957764,49.041850090026855,10,0.0001,42
466,10,0.02096532416802732,0.008895407493922732,31.28,0.664529909033446,63.67993378639221,49.041850090026855,10,0.0001,42
467,10,0.020967363991653488,0.008976056083129923,31.28,0.664529909033446,56.90126609802246,49.041850090026855,10,0.0001,42
468,10,0.02096374329571877,0.008945013304354116,31.28,0.664529909033446,55.60054302215576,49.041850090026855,10,0.0001,42
469,10,0.02096920531571905,0.008921164389192226,31.28,0.664529909033446,55.59767031669617,49.041850090026855,10,0.0001,42
470,10,0.020955835272429186,0.008935886859583115,31.32,0.6144916598294886,55.553086042404175,49.00929570198059,10,0.0001,42
471,10,0.020963307835342605,0.00894632921551131,31.32,0.6144916598294886,55.50675868988037,49.00929570198059,10,0.0001,42
472,10,0.020989128372191055,0.00894293758816411,31.32,0.6144916598294886,55.454411029815674,49.00929570198059,10,0.0001,42
473,10,0.02097186411206039,0.00901655817096321,31.32,0.6144916598294886,55.49437475204468,49.00929570198059,10,0.0001,42
474,10,0.02096344255439189,0.008936946024955384,31.32,0.6144916598294886,56.02937698364258,49.00929570198059,10,0.0001,42
475,10,0.020980871563021038,0.009025478699580172,31.32,0.6144916598294886,55.596025466918945,49.00929570198059,10,0.0001,42
476,10,0.02099897873684447,0.00890325472734854,31.32,0.6144916598294886,64.3271255493164,49.00929570198059,10,0.0001,42
477,10,0.020961857547039872,0.008964825077422916,31.32,0.6144916598294886,55.65116548538208,49.00929570198059,10,0.0001,42
478,10,0.020987188909198866,0.008942963706017219,31.32,0.6144916598294886,55.58563828468323,49.00929570198059,10,0.0001,42
479,10,0.020965101933253957,0.008978532395381121,31.32,0.6144916598294886,55.83414006233215,49.00929570198059,10,0.0001,42
480,10,0.020981827662550905,0.008927257342121374,31.12,0.5878775382679627,55.84089374542236,48.61273169517517,10,0.0001,42
481,10,0.02096128136165504,0.008976116811815598,31.12,0.5878775382679627,55.62234926223755,48.61273169517517,10,0.0001,42
482,10,0.021008251626026247,0.008909046040419493,31.12,0.5878775382679627,55.727147817611694,48.61273169517517,10,0.0001,42
483,10,0.02096755145993804,0.009002813746484468,31.12,0.5878775382679627,55.449402809143066,48.61273169517517,10,0.0001,42
484,10,0.020970631657360055,0.009049125500977943,31.12,0.5878775382679627,55.90260028839111,48.61273169517517,10,0.0001,42
485,10,0.02100143586909921,0.008897696162923272,31.12,0.5878775382679627,55.57389950752258,48.61273169517517,10,0.0001,42
486,10,0.02096617140750971,0.008967753220597272,31.12,0.5878775382679627,64.08751034736633,48.61273169517517,10,0.0001,42
487,10,0.020972182324956182,0.008937044713438176,31.12,0.5878775382679627,55.61995244026184,48.61273169517517,10,0.0001,42
488,10,0.0210044675140102,0.009041725214701913,31.12,0.5878775382679627,55.46856880187988,48.61273169517517,10,0.0001,42
489,10,0.02095718032805862,0.008939211895102833,31.12,0.5878775382679627,55.60348868370056,48.61273169517517,10,0.0001,42
490,10,0.02096487383076746,0.008884647384044727,31.36,0.6248199740725323,55.488632917404175,48.984795570373535,10,0.0001,42
491,10,0.020963888954604815,0.008950532989876523,31.36,0.6248199740725323,55.72647714614868,48.984795570373535,10,0.0001,42
492,10,0.0209686973348042,0.00900546184308468,31.36,0.6248199740725323,55.51927328109741,48.984795570373535,10,0.0001,42
493,10,0.020977936744139246,0.008901393302564111,31.36,0.6248199740725323,55.585784912109375,48.984795570373535,10,0.0001,42
494,10,0.020963578531186588,0.008949559758651669,31.36,0.6248199740725323,55.594019174575806,48.984795570373535,10,0.0001,42
495,10,0.020966413899299634,0.008957088873027375,31.36,0.6248199740725323,55.56131029129028,48.984795570373535,10,0.0001,42
496,10,0.020959955698393214,0.008945885236819587,31.36,0.6248199740725323,63.308247804641724,48.984795570373535,10,0.0001,42
497,10,0.020988593372165375,0.008910250704886354,31.36,0.6248199740725323,55.54609203338623,48.984795570373535,10,0.0001,42
498,10,0.02097746764076329,0.009038112347930302,31.36,0.6248199740725323,55.55501437187195,48.984795570373535,10,0.0001,42
499,10,0.02096932449507639,0.008971856673251205,31.36,0.6248199740725323,55.51355791091919,48.984795570373535,10,0.0001,42
500,10,0.020968260400947694,0.008902590189273168,31.28,0.664529909033446,55.50907874107361,48.92910814285278,10,0.0001,42
501,10,0.020973229460256745,0.008994340899731851,31.28,0.664529909033446,55.706408739089966,48.92910814285278,10,0.0001,42
502,10,0.02096056862145842,0.00898495516445534,31.28,0.664529909033446,55.542831897735596,48.92910814285278,10,0.0001,42
503,10,0.02095797515764127,0.00893804914788007,31.28,0.664529909033446,55.508624792099,48.92910814285278,10,0.0001,42
504,10,0.020977049241053435,0.008890864221271593,31.28,0.664529909033446,55.48553490638733,48.92910814285278,10,0.0001,42
505,10,0.020963403146725786,0.00892500061266323,31.28,0.664529909033446,55.529486656188965,48.92910814285278,10,0.0001,42
506,10,0.02101378770953323,0.008910390547574353,31.28,0.664529909033446,64.5936529636383,48.92910814285278,10,0.0001,42
507,10,0.020957268617120817,0.008931606016803297,31.28,0.664529909033446,55.59146785736084,48.92910814285278,10,0.0001,42
508,10,0.020972244882267024,0.009029873320275474,31.28,0.664529909033446,55.51811861991882,48.92910814285278,10,0.0001,42
509,10,0.020965034411076673,0.008962326763620429,31.28,0.664529909033446,55.57697367668152,48.92910814285278,10,0.0001,42
510,10,0.020966599329584838,0.00895506918206272,31.28,0.664529909033446,55.487393856048584,48.863107204437256,10,0.0001,42
511,10,0.020965846950513185,0.008917164915831156,31.28,0.664529909033446,55.517106771469116,48.863107204437256,10,0.0001,42
512,10,0.0209662193884133,0.00897210106368123,31.28,0.664529909033446,55.76196599006653,48.863107204437256,10,0.0001,42
513,10,0.02099080990989214,0.008906620591262165,31.28,0.664529909033446,55.5337610244751,48.863107204437256,10,0.0001,42
514,10,0.020952472400375746,0.008886561074986801,31.28,0.664529909033446,55.49832201004028,48.863107204437256,10,0.0001,42
515,10,0.020971527361185318,0.00893218240392544,31.28,0.664529909033446,55.614917039871216,48.863107204437256,10,0.0001,42
516,10,0.020967707428769192,0.00900160437104244,31.28,0.664529909033446,64.51954770088196,48.863107204437256,10,0.0001,42
517,10,0.020963249657765904,0.008957708697237823,31.28,0.664529909033446,55.476696252822876,48.863107204437256,10,0.0001,42
518,10,0.020970208788432823,0.008912900491106173,31.28,0.664529909033446,55.592806339263916,48.863107204437256,10,0.0001,42
519,10,0.020968225193182602,0.008983298364246745,31.28,0.664529909033446,55.584643840789795,48.863107204437256,10,0.0001,42
520,10,0.020973991151507308,0.009030085724191695,31.12,0.5878775382679627,55.620041370391846,48.60422682762146,10,0.0001,42
521,10,0.020974898966055745,0.008936195156326121,31.12,0.5878775382679627,55.470017433166504,48.60422682762146,10,0.0001,42
522,10,0.020964249281101605,0.008901625717010196,31.12,0.5878775382679627,55.595563888549805,48.60422682762146,10,0.0001,42
523,10,0.02096713208173806,0.008934372438271339,31.12,0.5878775382679627,55.5414834022522,48.60422682762146,10,0.0001,42
524,10,0.020963881558184256,0.008935867833172854,31.12,0.5878775382679627,55.713467597961426,48.60422682762146,10,0.0001,42
525,10,0.020990372775384625,0.00888420996981443,31.12,0.5878775382679627,55.558897972106934,48.60422682762146,10,0.0001,42
526,10,0.021006845661109375,0.009066065965157652,31.12,0.5878775382679627,64.47071433067322,48.60422682762146,10,0.0001,42
527,10,0.02094846412330833,0.008967618095593495,31.12,0.5878775382679627,55.5370831489563,48.60422682762146,10,0.0001,42
528,10,0.020966245773190395,0.00889488633804518,31.12,0.5878775382679627,55.4929780960083,48.60422682762146,10,0.0001,42
529,10,0.02097024088803376,0.008900937727204879,31.12,0.5878775382679627,55.63480830192566,48.60422682762146,10,0.0001,42
530,10,0.020959232143635403,0.008943783538272658,31.28,0.664529909033446,55.459707736968994,48.940837383270264,10,0.0001,42
531,10,0.020958344994402554,0.008974396906555047,31.28,0.664529909033446,55.56070399284363,48.940837383270264,10,0.0001,42
532,10,0.02096821570604802,0.00893255748900734,31.28,0.664529909033446,55.47833299636841,48.940837383270264,10,0.0001,42
533,10,0.020964103770082145,0.00897750133945098,31.28,0.664529909033446,55.53816628456116,48.940837383270264,10,0.0001,42
534,10,0.02097628094595118,0.008904637545796706,31.28,0.664529909033446,55.66779637336731,48.940837383270264,10,0.0001,42
535,10,0.020971584142441407,0.008967478845244773,31.28,0.664529909033446,55.68187117576599,48.940837383270264,10,0.0001,42
536,10,0.020963529666819653,0.008978512911975984,31.28,0.664529909033446,64.68200039863586,48.940837383270264,10,0.0001,42
537,10,0.02096367211199753,0.008939149125685874,31.28,0.664529909033446,55.440906286239624,48.940837383270264,10,0.0001,42
538,10,0.020964900641696798,0.008955978050789574,31.28,0.664529909033446,55.568477392196655,48.940837383270264,10,0.0001,42
539,10,0.020965610521548106,0.008995642446000133,31.28,0.664529909033446,55.4818799495697,48.940837383270264,10,0.0001,42
540,10,0.020968275625952878,0.00894460514163566,31.28,0.664529909033446,55.49506616592407,48.883347272872925,10,0.0001,42
541,10,0.020985970486502168,0.008845132553100588,31.28,0.664529909033446,55.437007188797,48.883347272872925,10,0.0001,42
542,10,0.02096381589502439,0.008966552879330751,31.28,0.664529909033446,55.51144886016846,48.883347272872925,10,0.0001,42
543,10,0.02096356913204161,0.009003664064260264,31.28,0.664529909033446,55.480369091033936,48.883347272872925,10,0.0001,42
544,10,0.02098428286147215,0.008928257836145587,31.28,0.664529909033446,55.45966982841492,48.883347272872925,10,0.0001,42
545,10,0.020961057363179183,0.008959815200965865,31.28,0.664529909033446,55.52968668937683,48.883347272872925,10,0.0001,42
546,10,0.02097117995884967,0.008946337712556252,31.28,0.664529909033446,64.56863641738892,48.883347272872925,10,0.0001,42
547,10,0.020972301839409315,0.009000045208488959,31.28,0.664529909033446,55.527151107788086,48.883347272872925,10,0.0001,42
548,10,0.020970080716110635,0.00901144617417942,31.28,0.664529909033446,55.63807010650635,48.883347272872925,10,0.0001,42
549,10,0.02099651354627415,0.00886914923712728,31.28,0.664529909033446,55.46122336387634,48.883347272872925,10,0.0001,42
550,10,0.020978836761349814,0.009003523444108522,31.32,0.6144916598294886,55.39633011817932,48.94016075134277,10,0.0001,42
551,10,0.020966626636983166,0.00900412212271378,31.32,0.6144916598294886,55.61117362976074,48.94016075134277,10,0.0001,42
552,10,0.020960923079726516,0.00890203652609484,31.32,0.6144916598294886,55.608898639678955,48.94016075134277,10,0.0001,42
553,10,0.020970774395605414,0.00887881778803466,31.32,0.6144916598294886,55.722108364105225,48.94016075134277,10,0.0001,42
554,10,0.02096829928620614,0.008979373015822915,31.32,0.6144916598294886,55.494542598724365,48.94016075134277,10,0.0001,42
555,10,0.020960816775682158,0.008965808236795115,31.32,0.6144916598294886,55.508606910705566,48.94016075134277,10,0.0001,42
556,10,0.02096784901629696,0.008874544343608144,31.32,0.6144916598294886,64.17001724243164,48.94016075134277,10,0.0001,42
557,10,0.020983095589336576,0.009011879118150804,31.32,0.6144916598294886,55.49134373664856,48.94016075134277,10,0.0001,42
558,10,0.020968920735155966,0.008939962378559811,31.32,0.6144916598294886,55.62872266769409,48.94016075134277,10,0.0001,42
559,10,0.02096542005949546,0.008917005166417637,31.32,0.6144916598294886,56.146504163742065,48.94016075134277,10,0.0001,42
560,10,0.020966427457306185,0.008947862112445113,31.16,0.6118823416311343,55.50780272483826,48.701783418655396,10,0.0001,42
561,10,0.020958941765751447,0.008913573648264434,31.16,0.6118823416311343,55.50849175453186,48.701783418655396,10,0.0001,42
562,10,0.02097091073264227,0.008996180940134383,31.16,0.6118823416311343,55.51616191864014,48.701783418655396,10,0.0001,42
563,10,0.020992114687515006,0.008876947980441245,31.16,0.6118823416311343,55.380687952041626,48.701783418655396,10,0.0001,42
564,10,0.020958186016459917,0.008974944628144639,31.16,0.6118823416311343,55.50910401344299,48.701783418655396,10,0.0001,42
565,10,0.020964299670160506,0.008992541674051623,31.16,0.6118823416311343,56.22108817100525,48.701783418655396,10,0.0001,42
566,10,0.02096627467937996,0.008913397713540981,31.16,0.6118823416311343,63.88544321060181,48.701783418655396,10,0.0001,42
567,10,0.020966657006565848,0.008978318720408598,31.16,0.6118823416311343,55.58168983459473,48.701783418655396,10,0.0001,42
568,10,0.020955457848188825,0.008979570184667145,31.16,0.6118823416311343,55.479856729507446,48.701783418655396,10,0.0001,42
569,10,0.020968151494538196,0.008901520298166323,31.16,0.6118823416311343,55.45496344566345,48.701783418655396,10,0.0001,42
570,10,0.02095861734483862,0.008922936060997387,31.36,0.6248199740725323,55.60439968109131,49.065531492233276,10,0.0001,42
571,10,0.020973550648483243,0.00894108602822887,31.36,0.6248199740725323,55.304221868515015,49.065531492233276,10,0.0001,42
572,10,0.020956232416270138,0.008954098287942351,31.36,0.6248199740725323,55.68707227706909,49.065531492233276,10,0.0001,42
573,10,0.02097978482703385,0.008980456616942046,31.36,0.6248199740725323,55.64783954620361,49.065531492233276,10,0.0001,42
574,10,0.020975235288235097,0.008968201497296838,31.36,0.6248199740725323,55.51444625854492,49.065531492233276,10,0.0001,42
575,10,0.02095681302440491,0.00894204197671905,31.36,0.6248199740725323,56.81709408760071,49.065531492233276,10,0.0001,42
576,10,0.020964507700781232,0.008944763211631804,31.36,0.6248199740725323,63.07722496986389,49.065531492233276,10,0.0001,42
577,10,0.0209782638511711,0.00900386046821669,31.36,0.6248199740725323,55.56720471382141,49.065531492233276,10,0.0001,42
578,10,0.020963509233252978,0.008913198851168832,31.36,0.6248199740725323,55.52232813835144,49.065531492233276,10,0.0001,42
579,10,0.02097482665244309,0.008886442717342338,31.36,0.6248199740725323,55.441262006759644,49.065531492233276,10,0.0001,42
580,10,0.02096079734347964,0.008972347744649172,31.24,0.6499230723708769,55.48442769050598,48.87826418876648,10,0.0001,42
581,10,0.02096283257140558,0.009010680570228267,31.24,0.6499230723708769,55.4667592048645,48.87826418876648,10,0.0001,42
582,10,0.02096276372155599,0.00897550203109963,31.24,0.6499230723708769,55.53355431556702,48.87826418876648,10,0.0001,42
583,10,0.02097129793403209,0.008923055468772152,31.24,0.6499230723708769,55.589141607284546,48.87826418876648,10,0.0001,42
584,10,0.02097877070678409,0.008888399415191213,31.24,0.6499230723708769,55.579590797424316,48.87826418876648,10,0.0001,42
585,10,0.020962051900271877,0.008907950385062004,31.24,0.6499230723708769,56.773679971694946,48.87826418876648,10,0.0001,42
586,10,0.02096606132910801,0.009011876964876209,31.24,0.6499230723708769,62.31733202934265,48.87826418876648,10,0.0001,42
587,10,0.02095991194594993,0.008998020992085725,31.24,0.6499230723708769,55.47697901725769,48.87826418876648,10,0.0001,42
588,10,0.020986941752807655,0.008909141817341313,31.24,0.6499230723708769,55.538280725479126,48.87826418876648,10,0.0001,42
589,10,0.020958676125119927,0.008907224759370797,31.24,0.6499230723708769,55.46769618988037,48.87826418876648,10,0.0001,42
590,10,0.02095733106085073,0.008973647084815142,31.28,0.664529909033446,55.4380042552948,49.085126638412476,10,0.0001,42
591,10,0.020975536959762023,0.008956350524410113,31.28,0.664529909033446,55.669103384017944,49.085126638412476,10,0.0001,42
592,10,0.02097776476821344,0.008991139946561465,31.28,0.664529909033446,55.6272931098938,49.085126638412476,10,0.0001,42
593,10,0.020972681278776096,0.008893835561088952,31.28,0.664529909033446,55.4218852519989,49.085126638412476,10,0.0001,42
594,10,0.020973744264579198,0.009018608206655588,31.28,0.664529909033446,55.50726366043091,49.085126638412476,10,0.0001,42
595,10,0.020974068377351628,0.008983708322277453,31.28,0.664529909033446,57.020710468292236,49.085126638412476,10,0.0001,42
596,10,0.020969093716123148,0.00894512410033998,31.28,0.664529909033446,62.64095187187195,49.085126638412476,10,0.0001,42
597,10,0.02096214320913293,0.008914295130796985,31.28,0.664529909033446,55.69847321510315,49.085126638412476,10,0.0001,42
598,10,0.02096726969967392,0.008920932334085547,31.28,0.664529909033446,55.904808044433594,49.085126638412476,10,0.0001,42
599,10,0.020963236876577213,0.00898660339060575,31.28,0.664529909033446,55.430057764053345,49.085126638412476,10,0.0001,42
600,10,0.020960104602719073,0.008925158779458684,31.16,0.6118823416311342,55.522777795791626,48.75797486305237,10,0.0001,42
601,10,0.020981321267625266,0.008963655680862277,31.16,0.6118823416311342,55.41218709945679,48.75797486305237,10,0.0001,42
602,10,0.020963718471587515,0.008956589339886765,31.16,0.6118823416311342,55.46997952461243,48.75797486305237,10,0.0001,42
603,10,0.0209666554187826,0.008925780124111708,31.16,0.6118823416311342,55.54008197784424,48.75797486305237,10,0.0001,42
604,10,0.020962854862539206,0.00889430202162256,31.16,0.6118823416311342,55.66454315185547,48.75797486305237,10,0.0001,42
605,10,0.02096253706519778,0.008951722222204214,31.16,0.6118823416311342,57.60229468345642,48.75797486305237,10,0.0001,42
606,10,0.020972640279813996,0.008910607932054062,31.16,0.6118823416311342,61.68641233444214,48.75797486305237,10,0.0001,42
607,10,0.020955221355589904,0.00895040425445612,31.16,0.6118823416311342,55.48949694633484,48.75797486305237,10,0.0001,42
608,10,0.02096126713736212,0.008998450525831701,31.16,0.6118823416311342,55.511239528656006,48.75797486305237,10,0.0001,42
609,10,0.020966386708793444,0.008941997293941403,31.16,0.6118823416311342,55.53446984291077,48.75797486305237,10,0.0001,42
610,10,0.020972712261557072,0.009009182799893043,31.16,0.6118823416311343,55.48670721054077,48.85309362411499,10,0.0001,42
611,10,0.020954170924469336,0.008943292600078919,31.16,0.6118823416311343,55.49890756607056,48.85309362411499,10,0.0001,42
612,10,0.02096744855685842,0.00890292436634333,31.16,0.6118823416311343,56.04204058647156,48.85309362411499,10,0.0001,42
613,10,0.020959190016225995,0.008928264485719085,31.16,0.6118823416311343,55.626423358917236,48.85309362411499,10,0.0001,42
614,10,0.020960246864466216,0.008933227752758604,31.16,0.6118823416311343,55.695045709609985,48.85309362411499,10,0.0001,42
615,10,0.02096076427356736,0.008944665320058252,31.16,0.6118823416311343,57.72434616088867,48.85309362411499,10,0.0001,42
616,10,0.020976247888094747,0.008940460343614095,31.16,0.6118823416311343,61.373958110809326,48.85309362411499,10,0.0001,42
617,10,0.02096836251915774,0.008990993921517617,31.16,0.6118823416311343,55.508976459503174,48.85309362411499,10,0.0001,42
618,10,0.02096659049299764,0.008940239236495607,31.16,0.6118823416311343,55.42853808403015,48.85309362411499,10,0.0001,42
619,10,0.020961917209811158,0.008926673112630476,31.16,0.6118823416311343,55.57112097740173,48.85309362411499,10,0.0001,42
620,10,0.02096111468578823,0.008955400651812545,31.16,0.6118823416311342,55.444329261779785,48.727357387542725,10,0.0001,42
621,10,0.020959085637419553,0.008941291944441892,31.16,0.6118823416311342,55.404170751571655,48.727357387542725,10,0.0001,42
622,10,0.02097083379748659,0.008910370300503432,31.16,0.6118823416311342,55.462738037109375,48.727357387542725,10,0.0001,42
623,10,0.020956454321887256,0.008916715824554363,31.16,0.6118823416311342,55.45639967918396,48.727357387542725,10,0.0001,42
624,10,0.02100107868838268,0.009102085478023497,31.16,0.6118823416311342,55.55593919754028,48.727357387542725,10,0.0001,42
625,10,0.020976226388943947,0.008948874940676307,31.16,0.6118823416311342,57.84460139274597,48.727357387542725,10,0.0001,42
626,10,0.020964182218924744,0.008938839931838945,31.16,0.6118823416311342,61.152069091796875,48.727357387542725,10,0.0001,42
627,10,0.020996966255044932,0.009026673317996491,31.16,0.6118823416311342,55.58926820755005,48.727357387542725,10,0.0001,42
628,10,0.0209705961108287,0.008887469951526509,31.16,0.6118823416311342,55.53751468658447,48.727357387542725,10,0.0001,42
629,10,0.020964997492631775,0.008835619608081763,31.16,0.6118823416311342,55.50492286682129,48.727357387542725,10,0.0001,42
630,10,0.020970521706911535,0.008903949115660913,31.28,0.664529909033446,55.59619116783142,49.03503346443176,10,0.0001,42
631,10,0.020981579020360693,0.008947339167207542,31.28,0.664529909033446,55.53504943847656,49.03503346443176,10,0.0001,42
632,10,0.02098430196906717,0.009065189229715656,31.28,0.664529909033446,55.54898953437805,49.03503346443176,10,0.0001,42
633,10,0.02097574993342054,0.008990118542264757,31.28,0.664529909033446,55.49701380729675,49.03503346443176,10,0.0001,42
634,10,0.020975839131145344,0.008940824028182501,31.28,0.664529909033446,55.50166583061218,49.03503346443176,10,0.0001,42
635,10,0.02096055995785586,0.008893811985387825,31.28,0.664529909033446,58.68004322052002,49.03503346443176,10,0.0001,42
636,10,0.020965241664799357,0.008950573016387945,31.28,0.664529909033446,61.73950266838074,49.03503346443176,10,0.0001,42
637,10,0.020962970811676994,0.008996119081254047,31.28,0.664529909033446,55.51554608345032,49.03503346443176,10,0.0001,42
638,10,0.020958642464616095,0.008915887443133295,31.28,0.664529909033446,55.48163557052612,49.03503346443176,10,0.0001,42
639,10,0.020968114316207362,0.008878616537119091,31.28,0.664529909033446,55.47541666030884,49.03503346443176,10,0.0001,42
640,10,0.020956203055582618,0.008936418265992415,31.32,0.6144916598294886,55.52210974693298,49.03879117965698,10,0.0001,42
641,10,0.02096032833011619,0.008952254259539499,31.32,0.6144916598294886,55.65377187728882,49.03879117965698,10,0.0001,42
642,10,0.020958866432377966,0.008969283048448719,31.32,0.6144916598294886,55.47837710380554,49.03879117965698,10,0.0001,42
643,10,0.020962692151432614,0.008986296957108017,31.32,0.6144916598294886,55.48126029968262,49.03879117965698,10,0.0001,42
644,10,0.020969264664826296,0.008934702862128314,31.32,0.6144916598294886,55.50321841239929,49.03879117965698,10,0.0001,42
645,10,0.020980748949752777,0.008900436367997479,31.32,0.6144916598294886,58.54741835594177,49.03879117965698,10,0.0001,42
646,10,0.020956388252234802,0.008885354700161783,31.32,0.6144916598294886,60.74636363983154,49.03879117965698,10,0.0001,42
647,10,0.02095973368418982,0.008991600127907264,31.32,0.6144916598294886,55.5639545917511,49.03879117965698,10,0.0001,42
648,10,0.020968173859042143,0.009021661047969561,31.32,0.6144916598294886,55.52649235725403,49.03879117965698,10,0.0001,42
649,10,0.020976360316521094,0.008923032020925606,31.32,0.6144916598294886,55.42081904411316,49.03879117965698,10,0.0001,42
650,10,0.020979089635713103,0.008903144204434044,31.16,0.6118823416311343,55.49244141578674,48.894092082977295,10,0.0001,42
651,10,0.02096534010648206,0.008952555828797514,31.16,0.6118823416311343,55.4434027671814,48.894092082977295,10,0.0001,42
652,10,0.020958139773431934,0.008959781407418895,31.16,0.6118823416311343,55.67422914505005,48.894092082977295,10,0.0001,42
653,10,0.020964013989064716,0.00899368792233737,31.16,0.6118823416311343,55.576268434524536,48.894092082977295,10,0.0001,42
654,10,0.020966031478358658,0.008943029954178268,31.16,0.6118823416311343,55.430251598358154,48.894092082977295,10,0.0001,42
655,10,0.020958461385441433,0.008948893612429325,31.16,0.6118823416311343,59.30035185813904,48.894092082977295,10,0.0001,42
656,10,0.02096007501471237,0.008895991488174515,31.16,0.6118823416311343,60.48544955253601,48.894092082977295,10,0.0001,42
657,10,0.020968739631732437,0.008936396819889239,31.16,0.6118823416311343,55.58562397956848,48.894092082977295,10,0.0001,42
658,10,0.020959787827273726,0.008975847077576536,31.16,0.6118823416311343,55.52307987213135,48.894092082977295,10,0.0001,42
659,10,0.02097932387180488,0.008899275630586857,31.16,0.6118823416311343,55.437849044799805,48.894092082977295,10,0.0001,42
660,10,0.0209622484167348,0.008941805988671135,31.36,0.6248199740725324,55.49713921546936,49.05071401596069,10,0.0001,42
661,10,0.020965543649813626,0.00898016899395095,31.36,0.6248199740725324,55.47034764289856,49.05071401596069,10,0.0001,42
662,10,0.02096329017025594,0.008927206949293507,31.36,0.6248199740725324,55.577372789382935,49.05071401596069,10,0.0001,42
663,10,0.020961306757198768,0.008952850291133822,31.36,0.6248199740725324,55.484344482421875,49.05071401596069,10,0.0001,42
664,10,0.020962360463085115,0.008927406274131097,31.36,0.6248199740725324,55.59660840034485,49.05071401596069,10,0.0001,42
665,10,0.02095957757668895,0.008952756153581608,31.36,0.6248199740725324,60.57696175575256,49.05071401596069,10,0.0001,42
666,10,0.020963947024175946,0.008949823029733866,31.36,0.6248199740725324,58.98710513114929,49.05071401596069,10,0.0001,42
667,10,0.020967501873220808,0.008969895809353116,31.36,0.6248199740725324,55.51993989944458,49.05071401596069,10,0.0001,42
668,10,0.020960854837552632,0.008929114336709768,31.36,0.6248199740725324,55.57843589782715,49.05071401596069,10,0.0001,42
669,10,0.020959977620526416,0.008894179947137513,31.36,0.6248199740725324,55.50930404663086,49.05071401596069,10,0.0001,42
670,10,0.020986290060014984,0.00901850401686577,31.28,0.664529909033446,55.52541971206665,48.969053983688354,10,0.0001,42
671,10,0.020956481434430976,0.008951057247576655,31.28,0.664529909033446,55.54336190223694,48.969053983688354,10,0.0001,42
672,10,0.020966506974789467,0.008916496489325234,31.28,0.664529909033446,55.45558571815491,48.969053983688354,10,0.0001,42
673,10,0.020966234865045626,0.008908493909076373,31.28,0.664529909033446,55.55841398239136,48.969053983688354,10,0.0001,42
674,10,0.0209565045490198,0.00892633375936258,31.28,0.664529909033446,55.58046913146973,48.969053983688354,10,0.0001,42
675,10,0.020959807596102234,0.008981049764244414,31.28,0.664529909033446,60.44019651412964,48.969053983688354,10,0.0001,42
676,10,0.02096748975843246,0.008921587233883416,31.28,0.664529909033446,59.338112115859985,48.969053983688354,10,0.0001,42
677,10,0.02100919748289703,0.009060692716452384,31.28,0.664529909033446,55.661508560180664,48.969053983688354,10,0.0001,42
678,10,0.02095292276994741,0.00896882430737212,31.28,0.664529909033446,55.60442352294922,48.969053983688354,10,0.0001,42
679,10,0.020975129255578005,0.008853255207292883,31.28,0.664529909033446,55.47402906417847,48.969053983688354,10,0.0001,42
680,10,0.020958332847970575,0.008931434529025683,31.36,0.6248199740725324,56.711840867996216,49.001620054244995,10,0.0001,42
681,10,0.020962404642544247,0.008993214160288764,31.36,0.6248199740725324,55.47663640975952,49.001620054244995,10,0.0001,42
682,10,0.020972100309067994,0.008937999462397895,31.36,0.6248199740725324,55.974154472351074,49.001620054244995,10,0.0001,42
683,10,0.020968313815503542,0.008947594976377907,31.36,0.6248199740725324,55.532071590423584,49.001620054244995,10,0.0001,42
684,10,0.020964888956916266,0.008972550866858409,31.36,0.6248199740725324,55.52743721008301,49.001620054244995,10,0.0001,42
685,10,0.020962977132027327,0.008961471015551697,31.36,0.6248199740725324,60.47407865524292,49.001620054244995,10,0.0001,42
686,10,0.020961424012400743,0.008933713348903033,31.36,0.6248199740725324,58.3227424621582,49.001620054244995,10,0.0001,42
687,10,0.020990701285681097,0.008900533245613022,31.36,0.6248199740725324,55.503748416900635,49.001620054244995,10,0.0001,42
688,10,0.020952817716732387,0.008890967982790024,31.36,0.6248199740725324,55.59156632423401,49.001620054244995,10,0.0001,42
689,10,0.020983618258651544,0.00907465079294648,31.36,0.6248199740725324,55.73997974395752,49.001620054244995,10,0.0001,42
690,10,0.020976458813376123,0.008968080293322545,30.96,0.5986651818838306,55.41715168952942,48.38121175765991,10,0.0001,42
691,10,0.0209598688013421,0.008908227453060025,30.96,0.5986651818838306,55.43803286552429,48.38121175765991,10,0.0001,42
692,10,0.02096414714387116,0.008917290255561938,30.96,0.5986651818838306,55.612242698669434,48.38121175765991,10,0.0001,42
693,10,0.020968530517515214,0.008991721942629266,30.96,0.5986651818838306,55.86921238899231,48.38121175765991,10,0.0001,42
694,10,0.020970811451174676,0.008952694096997772,30.96,0.5986651818838306,55.53960728645325,48.38121175765991,10,0.0001,42
695,10,0.02095874734233609,0.008937244120986045,30.96,0.5986651818838306,61.391053199768066,48.38121175765991,10,0.0001,42
696,10,0.020960812928974754,0.008922715272849617,30.96,0.5986651818838306,59.134355545043945,48.38121175765991,10,0.0001,42
697,10,0.020967778333400054,0.008974382580523917,30.96,0.5986651818838306,55.44345450401306,48.38121175765991,10,0.0001,42
698,10,0.02097410613568418,0.008982608157515455,30.96,0.5986651818838306,55.54158091545105,48.38121175765991,10,0.0001,42
699,10,0.020982545984591146,0.008937799686810152,30.96,0.5986651818838306,55.6395583152771,48.38121175765991,10,0.0001,42
700,10,0.020969267883735775,0.008959596803854135,31.32,0.6144916598294886,55.478365898132324,49.0290105342865,10,0.0001,42
701,10,0.02097660203822749,0.008901349377828759,31.32,0.6144916598294886,55.655821561813354,49.0290105342865,10,0.0001,42
702,10,0.020959823648317003,0.008908063420789737,31.32,0.6144916598294886,55.56575679779053,49.0290105342865,10,0.0001,42
703,10,0.020962392562273034,0.008963628243072324,31.32,0.6144916598294886,55.562605142593384,49.0290105342865,10,0.0001,42
704,10,0.020963482297032553,0.008989028614862414,31.32,0.6144916598294886,55.5060670375824,49.0290105342865,10,0.0001,42
705,10,0.020958804687994825,0.00898288056483006,31.32,0.6144916598294886,62.569050550460815,49.0290105342865,10,0.0001,42
706,10,0.02096062920828018,0.008938945393225161,31.32,0.6144916598294886,58.71835899353027,49.0290105342865,10,0.0001,42
707,10,0.02098441105906886,0.008997240168989147,31.32,0.6144916598294886,55.520477533340454,49.0290105342865,10,0.0001,42
708,10,0.02095806061209991,0.008958886521304306,31.32,0.6144916598294886,55.40973520278931,49.0290105342865,10,0.0001,42
709,10,0.020984362833215135,0.008863642918900988,31.32,0.6144916598294886,55.509610414505005,49.0290105342865,10,0.0001,42
710,10,0.020981009275352368,0.008976915158212076,31.36,0.6248199740725323,55.48781156539917,49.062310218811035,10,0.0001,42
711,10,0.020969705342399655,0.008958888778320483,31.36,0.6248199740725323,55.46327757835388,49.062310218811035,10,0.0001,42
712,10,0.02097254830539141,0.008880217467450354,31.36,0.6248199740725323,55.430253744125366,49.062310218811035,10,0.0001,42
713,10,0.020961819977271416,0.008986845501107447,31.36,0.6248199740725323,55.44682455062866,49.062310218811035,10,0.0001,42
714,10,0.02095925903756,0.00898819236111226,31.36,0.6248199740725323,55.83634853363037,49.062310218811035,10,0.0001,42
715,10,0.020963239880025443,0.008971529000866564,31.36,0.6248199740725323,62.644720792770386,49.062310218811035,10,0.0001,42
716,10,0.020973011812553875,0.008925727503125752,31.36,0.6248199740725323,57.20290470123291,49.062310218811035,10,0.0001,42
717,10,0.020959550815257997,0.008917647477680406,31.36,0.6248199740725323,55.49371576309204,49.062310218811035,10,0.0001,42
718,10,0.020959423558788517,0.008958160930707419,31.36,0.6248199740725323,55.46489453315735,49.062310218811035,10,0.0001,42
719,10,0.020981009886581845,0.008986757844494767,31.36,0.6248199740725323,55.62613844871521,49.062310218811035,10,0.0001,42
720,10,0.020962568296601237,0.008924558520440842,31.28,0.664529909033446,55.45616936683655,48.85369658470154,10,0.0001,42
721,10,0.02096631191668487,0.008949009095342932,31.28,0.664529909033446,55.461328983306885,48.85369658470154,10,0.0001,42
722,10,0.02096351077975293,0.008949393508731286,31.28,0.664529909033446,55.48114800453186,48.85369658470154,10,0.0001,42
723,10,0.02096300932057318,0.00892256097479914,31.28,0.664529909033446,55.569225788116455,48.85369658470154,10,0.0001,42
724,10,0.020960442552522586,0.008945318273462446,31.28,0.664529909033446,55.46299862861633,48.85369658470154,10,0.0001,42
725,10,0.020958025706655087,0.00894631913646921,31.28,0.664529909033446,63.416441917419434,48.85369658470154,10,0.0001,42
726,10,0.020962039995688082,0.008938926829426886,31.28,0.664529909033446,57.45231008529663,48.85369658470154,10,0.0001,42
727,10,0.020970082222416708,0.008920205071236418,31.28,0.664529909033446,55.53986430168152,48.85369658470154,10,0.0001,42
728,10,0.02096212232606854,0.00892030660263909,31.28,0.664529909033446,55.58528804779053,48.85369658470154,10,0.0001,42
729,10,0.02097341305989664,0.009002534616520886,31.28,0.664529909033446,55.51142644882202,48.85369658470154,10,0.0001,42
